timestamp_utc,elapsed_seconds,errors,hikari_active,hikari_idle,hikari_pending,hikari_max,hikari_timeout_count,hikari_acquire_count,hikari_acquire_total_seconds,hikari_acquire_max_seconds,hikari_usage_count,hikari_usage_total_seconds,hikari_usage_max_seconds,http_active,process_cpu,system_cpu,jvm_memory_used_bytes,jvm_gc_pause_count,jvm_gc_pause_total_seconds,jvm_gc_pause_max_seconds,jvm_threads_live,tomcat_busy,tomcat_current,tomcat_config_max
2026-08-10T06:48:56.257434+00:00,0.0,,0.0,3.0,0.0,10.0,0.0,127.0,0.055,0.037,127.0,0.884,0.332,1.0,0.0,0.0,363294448.0,1.0,0.092,0.092,27.0,1.0,5.0,50.0
2026-08-10T06:48:56.870228+00:00,1.0,,0.0,3.0,0.0,10.0,0.0,127.0,0.055,0.037,127.0,0.884,0.332,1.0,0.01979668180485239,0.5274725274725275,369860816.0,1.0,0.092,0.092,27.0,1.0,5.0,50.0
2026-08-10T06:48:57.932707+00:00,2.001,,0.0,3.0,0.0,10.0,0.0,127.0,0.055,0.037,127.0,0.884,0.332,1.0,0.012663334651061415,0.37463697967086157,374324048.0,1.0,0.092,0.092,27.0,1.0,5.0,50.0
2026-08-10T06:48:58.884594+00:00,3.003,,0.0,3.0,0.0,10.0,0.0,127.0,0.055,0.037,127.0,0.884,0.332,1.0,0.013017457851287415,0.4107327141382869,378759952.0,1.0,0.092,0.092,27.0,1.0,5.0,50.0
2026-08-10T06:48:59.939775+00:00,4.006,,0.0,3.0,0.0,10.0,0.0,127.0,0.055,0.037,127.0,0.884,0.332,1.0,0.014469766333217306,0.4505283381364073,385259536.0,1.0,0.092,0.092,27.0,1.0,5.0,50.0
2026-08-10T06:49:00.889365+00:00,5.011,,0.0,3.0,0.0,10.0,0.0,127.0,0.055,0.037,127.0,0.884,0.332,1.0,0.012740149510308718,0.4133611691022965,389657168.0,1.0,0.092,0.092,27.0,1.0,5.0,50.0
2026-08-10T06:49:01.887603+00:00,6.016,,0.0,3.0,0.0,10.0,0.0,127.0,0.055,0.037,127.0,0.884,0.332,1.0,0.010003444526107306,0.43465045592705165,394005600.0,1.0,0.092,0.092,27.0,1.0,5.0,50.0
2026-08-10T06:49:02.877440+00:00,7.019,,0.0,3.0,0.0,10.0,0.0,127.0,0.055,0.037,127.0,0.884,0.332,1.0,0.009010471775456946,0.499496475327291,398275664.0,1.0,0.092,0.092,27.0,1.0,5.0,50.0
2026-08-10T06:49:03.894551+00:00,8.022,,0.0,3.0,0.0,10.0,0.0,127.0,0.055,0.037,127.0,0.884,0.332,1.0,0.009202212934915764,0.4041708043694141,404709680.0,1.0,0.092,0.092,27.0,1.0,5.0,50.0
2026-08-10T06:49:04.908013+00:00,9.023,,0.0,3.0,0.0,10.0,0.0,127.0,0.055,0.037,127.0,0.884,0.332,1.0,0.009370570638865365,0.5965965965965966,409009456.0,1.0,0.092,0.092,27.0,1.0,5.0,50.0
2026-08-10T06:49:05.887813+00:00,10.028,,0.0,3.0,0.0,10.0,0.0,127.0,0.055,0.037,127.0,0.884,0.332,1.0,0.008599987274539686,0.5137895812053116,413289264.0,1.0,0.092,0.092,27.0,1.0,5.0,50.0
2026-08-10T06:49:06.897935+00:00,11.03,,0.0,3.0,0.0,10.0,0.0,127.0,0.055,0.037,127.0,0.884,0.332,1.0,0.008663925101065345,0.33433433433433435,417626928.0,1.0,0.092,0.092,27.0,1.0,5.0,50.0
2026-08-10T06:49:07.901559+00:00,12.033,,0.0,3.0,0.0,10.0,0.0,127.0,0.055,0.037,127.0,0.884,0.332,1.0,0.008792787929070187,0.4311377245508982,421914288.0,1.0,0.092,0.092,27.0,1.0,5.0,50.0
2026-08-10T06:49:08.902295+00:00,13.035,,0.0,3.0,0.0,10.0,0.0,127.0,0.055,0.037,127.0,0.884,0.332,1.0,0.011079506381519805,0.46586345381526106,428430000.0,1.0,0.092,0.092,27.0,1.0,5.0,50.0
2026-08-10T06:49:09.902731+00:00,14.04,,0.0,3.0,0.0,10.0,0.0,127.0,0.055,0.037,127.0,0.884,0.332,1.0,0.006829728072951933,0.3326612903225806,432652080.0,1.0,0.092,0.092,27.0,1.0,5.0,50.0
2026-08-10T06:49:10.924573+00:00,15.041,,0.0,3.0,0.0,10.0,0.0,127.0,0.055,0.037,127.0,0.884,0.332,1.0,0.007443475290208342,0.411,436892200.0,1.0,0.092,0.092,27.0,1.0,5.0,50.0
2026-08-10T06:49:11.907983+00:00,16.046,,0.0,3.0,0.0,10.0,0.0,127.0,0.055,0.037,127.0,0.884,0.332,1.0,0.010023194085257566,0.4641051567239636,441214184.0,1.0,0.092,0.092,27.0,1.0,5.0,50.0
2026-08-10T06:49:12.937157+00:00,17.048,,0.0,3.0,0.0,10.0,0.0,127.0,0.055,0.037,127.0,0.884,0.332,1.0,0.008583589852247086,0.40936254980079684,447611992.0,1.0,0.092,0.092,27.0,1.0,5.0,50.0
2026-08-10T06:49:13.960133+00:00,18.049,,0.0,3.0,0.0,10.0,0.0,127.0,0.055,0.037,127.0,0.884,0.332,1.0,0.011500870147771113,0.5597667638483965,451843800.0,1.0,0.092,0.092,27.0,1.0,5.0,50.0
2026-08-10T06:49:14.889538+00:00,19.05,,0.0,3.0,0.0,10.0,0.0,127.0,0.055,0.037,127.0,0.884,0.332,1.0,0.008001556809770148,0.3404710920770878,456128856.0,1.0,0.092,0.092,27.0,1.0,5.0,50.0
2026-08-10T06:49:15.919748+00:00,20.055,,0.0,3.0,0.0,10.0,0.0,127.0,0.055,0.037,127.0,0.884,0.332,1.0,0.005649575585103773,0.42829076620825146,460327384.0,1.0,0.092,0.092,27.0,1.0,5.0,50.0
2026-08-10T06:49:16.901100+00:00,21.056,,0.0,3.0,0.0,10.0,0.0,127.0,0.055,0.037,127.0,0.884,0.332,1.0,0.008010908367892984,0.3377551020408163,466760920.0,1.0,0.092,0.092,27.0,1.0,5.0,50.0
2026-08-10T06:49:17.917614+00:00,22.056,,0.0,3.0,0.0,10.0,0.0,163.0,0.056,0.037,163.0,1.304,0.332,1.0,0.05787416204197418,0.3719512195121951,488740600.0,1.0,0.092,0.092,27.0,1.0,5.0,50.0
2026-08-10T06:49:18.894158+00:00,23.057,,0.0,3.0,0.0,10.0,0.0,163.0,0.056,0.037,163.0,1.304,0.332,1.0,0.016355811622544174,0.4092741935483871,364685064.0,2.0,0.111,0.092,27.0,1.0,5.0,50.0
2026-08-10T06:49:19.880419+00:00,24.062,,0.0,3.0,0.0,10.0,0.0,164.0,0.056,0.037,164.0,1.329,0.332,1.0,0.010398040416411512,0.3373737373737374,371338384.0,2.0,0.111,0.092,27.0,1.0,5.0,50.0
2026-08-10T06:49:20.956322+00:00,25.064,,0.0,3.0,0.0,10.0,0.0,164.0,0.056,0.037,164.0,1.329,0.332,1.0,0.0062396981431833975,0.4919278252611586,375574800.0,2.0,0.111,0.092,27.0,1.0,5.0,50.0
2026-08-10T06:49:21.898845+00:00,26.068,,0.0,3.0,0.0,10.0,0.0,164.0,0.056,0.037,164.0,1.329,0.332,1.0,0.006388590427785723,0.49050632911392406,381880592.0,2.0,0.111,0.092,27.0,1.0,5.0,50.0
2026-08-10T06:49:22.911717+00:00,27.069,,0.0,3.0,0.0,10.0,0.0,164.0,0.056,0.037,164.0,1.329,0.332,1.0,0.0062044161346171975,0.46859421734795614,384117648.0,2.0,0.111,0.092,27.0,1.0,5.0,50.0
2026-08-10T06:49:23.913559+00:00,28.069,,0.0,3.0,0.0,10.0,0.0,164.0,0.056,0.037,164.0,1.329,0.332,1.0,0.005171045885989318,0.41566265060240964,390409104.0,2.0,0.111,0.092,27.0,1.0,5.0,50.0
2026-08-10T06:49:24.913664+00:00,29.073,,0.0,3.0,0.0,10.0,0.0,165.0,0.058,0.037,165.0,1.516,0.332,1.0,0.03437339948783611,0.46814964610717896,402314992.0,2.0,0.111,0.092,27.0,1.0,5.0,50.0
2026-08-10T06:49:25.901015+00:00,30.075,,0.0,3.0,0.0,10.0,0.0,166.0,0.059,0.037,166.0,1.519,0.332,1.0,0.005563868723838797,0.33874239350912777,408645752.0,2.0,0.111,0.092,27.0,1.0,5.0,50.0
2026-08-10T06:49:26.912388+00:00,31.08,,0.0,3.0,0.0,10.0,0.0,167.0,0.059,0.037,167.0,1.52,0.332,1.0,0.0042590141178357604,0.3276723276723277,412869752.0,2.0,0.111,0.092,27.0,1.0,5.0,50.0
2026-08-10T06:49:27.943210+00:00,32.085,,0.0,3.0,0.0,10.0,0.0,167.0,0.059,0.037,167.0,1.52,0.332,1.0,0.006808258605161138,0.31231527093596056,417187448.0,2.0,0.111,0.092,27.0,1.0,5.0,50.0
2026-08-10T06:49:28.921656+00:00,33.09,,0.0,3.0,0.0,10.0,0.0,168.0,0.059,0.037,168.0,1.546,0.332,1.0,0.012360282905327364,0.47100712105798576,425861784.0,2.0,0.111,0.092,27.0,1.0,5.0,50.0
2026-08-10T06:49:29.940548+00:00,34.095,,0.0,3.0,0.0,10.0,0.0,205.0,0.061,0.037,205.0,1.637,0.332,1.0,0.016272080313908505,0.34945705824284307,432501056.0,2.0,0.111,0.092,27.0,1.0,5.0,50.0
2026-08-10T06:49:30.944182+00:00,35.097,,0.0,3.0,0.0,10.0,0.0,206.0,0.061,0.037,206.0,1.643,0.332,1.0,0.005897157565242493,0.35931174089068824,438802000.0,2.0,0.111,0.092,27.0,1.0,5.0,50.0
2026-08-10T06:49:32.130005+00:00,36.102,,0.0,3.0,0.0,10.0,0.0,207.0,0.062,0.037,207.0,1.672,0.332,1.0,0.010995003198323893,0.6188257222739981,443034944.0,2.0,0.111,0.092,27.0,1.0,5.0,50.0
2026-08-10T06:49:32.948357+00:00,37.107,,0.0,3.0,0.0,10.0,0.0,207.0,0.062,0.037,207.0,1.672,0.332,1.0,0.013609710990074136,0.7326839826839827,449493952.0,2.0,0.111,0.092,27.0,1.0,5.0,50.0
2026-08-10T06:49:33.944830+00:00,38.111,,0.0,3.0,0.0,10.0,0.0,207.0,0.062,0.037,207.0,1.672,0.332,1.0,0.004311024983734157,0.45445344129554655,453692096.0,2.0,0.111,0.092,27.0,1.0,5.0,50.0
2026-08-10T06:49:34.956175+00:00,39.116,,0.0,3.0,0.0,10.0,0.0,207.0,0.062,0.037,207.0,1.672,0.332,1.0,0.004533191246553037,0.357,457895232.0,2.0,0.111,0.092,27.0,1.0,5.0,50.0
2026-08-10T06:49:35.938595+00:00,40.121,,0.0,3.0,0.0,10.0,0.0,243.0,0.064,0.037,243.0,1.799,0.332,1.0,0.02044459488816923,0.46998982706002035,464504080.0,2.0,0.111,0.092,27.0,1.0,5.0,50.0
2026-08-10T06:49:36.962661+00:00,41.122,,0.0,3.0,0.0,10.0,0.0,245.0,0.065,0.037,245.0,1.861,0.332,1.0,0.01228828811109035,0.40634291377601583,473119480.0,2.0,0.111,0.092,27.0,1.0,5.0,50.0
2026-08-10T06:49:37.956180+00:00,42.125,,0.0,3.0,0.0,10.0,0.0,245.0,0.065,0.037,245.0,1.861,0.332,1.0,0.004356928353490571,0.3165322580645161,477316472.0,2.0,0.111,0.092,27.0,1.0,5.0,50.0
2026-08-10T06:49:38.972953+00:00,43.129,,0.0,3.0,0.0,10.0,0.0,246.0,0.065,0.037,246.0,1.864,0.332,1.0,0.005514245232253319,0.4156746031746032,481521912.0,2.0,0.111,0.092,27.0,1.0,5.0,50.0
2026-08-10T06:49:39.981213+00:00,44.131,,0.0,3.0,0.0,10.0,0.0,246.0,0.065,0.037,246.0,1.864,0.332,1.0,0.00460206667344526,0.3854692230070636,485734648.0,2.0,0.111,0.092,27.0,1.0,5.0,50.0
2026-08-10T06:49:40.978322+00:00,45.135,,0.0,3.0,0.0,10.0,0.0,284.0,0.065,0.037,284.0,1.953,0.332,1.0,0.020152941341156378,0.35311871227364183,494690128.0,2.0,0.111,0.092,27.0,1.0,5.0,50.0
2026-08-10T06:49:41.981376+00:00,46.139,,0.0,3.0,0.0,10.0,0.0,285.0,0.066,0.037,285.0,2.013,0.332,1.0,0.023744825527828604,0.49101796407185627,368636784.0,3.0,0.141,0.092,27.0,1.0,5.0,50.0
2026-08-10T06:49:42.956104+00:00,47.144,,0.0,3.0,0.0,10.0,0.0,286.0,0.066,0.037,286.0,2.016,0.332,1.0,0.004512196725224027,0.37934560327198363,372831088.0,3.0,0.141,0.092,27.0,1.0,5.0,50.0
2026-08-10T06:49:43.987764+00:00,48.148,,0.0,3.0,0.0,10.0,0.0,287.0,0.066,0.037,287.0,2.024,0.332,1.0,0.005303270568796275,0.41568627450980394,379164912.0,3.0,0.141,0.092,27.0,1.0,5.0,50.0
2026-08-10T06:49:44.977841+00:00,49.149,,0.0,3.0,0.0,10.0,0.0,324.0,0.066,0.037,324.0,2.142,0.332,1.0,0.013332057899360246,0.35931174089068824,385646592.0,3.0,0.141,0.092,27.0,1.0,5.0,50.0
2026-08-10T06:49:45.974003+00:00,50.154,,0.0,3.0,0.0,10.0,0.0,324.0,0.066,0.037,324.0,2.142,0.332,1.0,0.0031117248516793626,0.2904522613065327,391941376.0,3.0,0.141,0.092,27.0,1.0,5.0,50.0
2026-08-10T06:49:46.989275+00:00,51.156,,0.0,3.0,0.0,10.0,0.0,325.0,0.067,0.037,325.0,2.158,0.332,1.0,0.0053083283512720646,0.358,396190080.0,3.0,0.141,0.092,27.0,1.0,5.0,50.0
2026-08-10T06:49:47.990441+00:00,52.161,,0.0,3.0,0.0,10.0,0.0,327.0,0.068,0.037,327.0,2.197,0.332,1.0,0.013307930583096803,0.34004024144869216,402812016.0,3.0,0.141,0.092,27.0,1.0,5.0,50.0
2026-08-10T06:49:49.001322+00:00,53.166,,0.0,3.0,0.0,10.0,0.0,328.0,0.068,0.037,328.0,2.206,0.332,1.0,0.004978817009157092,0.4041708043694141,407009992.0,3.0,0.141,0.092,27.0,1.0,5.0,50.0
2026-08-10T06:49:49.994798+00:00,54.171,,0.0,3.0,0.0,10.0,0.0,328.0,0.068,0.037,328.0,2.206,0.332,1.0,0.0035069761566524876,0.29939516129032256,413301448.0,3.0,0.141,0.092,27.0,1.0,5.0,50.0
2026-08-10T06:49:51.002386+00:00,55.176,,0.0,3.0,0.0,10.0,0.0,330.0,0.068,0.037,330.0,2.226,0.332,1.0,0.007110958706682768,0.2994011976047904,419723144.0,3.0,0.141,0.092,27.0,1.0,5.0,50.0
2026-08-10T06:49:52.014830+00:00,56.181,,0.0,3.0,0.0,10.0,0.0,330.0,0.068,0.037,330.0,2.226,0.332,1.0,0.003506550709981216,0.380811078140455,423917448.0,3.0,0.141,0.092,27.0,1.0,5.0,50.0
2026-08-10T06:49:52.999098+00:00,57.181,,0.0,3.0,0.0,10.0,0.0,331.0,0.068,0.037,331.0,2.228,0.332,1.0,0.0037095910853027526,0.3839835728952772,428111752.0,3.0,0.141,0.092,27.0,1.0,5.0,50.0
2026-08-10T06:49:54.032266+00:00,58.186,,0.0,3.0,0.0,10.0,0.0,405.0,0.071,0.037,405.0,2.442,0.332,1.0,0.02124327564735011,0.558648111332008,441028840.0,3.0,0.141,0.092,27.0,1.0,5.0,50.0
2026-08-10T06:49:55.030484+00:00,59.186,,0.0,3.0,0.0,10.0,0.0,407.0,0.071,0.037,407.0,2.466,0.332,1.0,0.00849092165921535,0.3678963110667996,447441256.0,3.0,0.141,0.092,27.0,1.0,5.0,50.0
2026-08-10T06:49:56.026251+00:00,60.191,,0.0,3.0,0.0,10.0,0.0,408.0,0.071,0.037,408.0,2.47,0.332,1.0,0.006798570574389925,0.3302938196555218,451718376.0,3.0,0.141,0.092,27.0,1.0,5.0,50.0
2026-08-10T06:49:57.038523+00:00,61.195,,0.0,3.0,0.0,10.0,0.0,411.0,0.071,0.037,411.0,2.482,0.332,1.0,0.0059756855124519165,0.5099601593625498,458030720.0,3.0,0.141,0.092,27.0,1.0,5.0,50.0
2026-08-10T06:49:58.034778+00:00,62.199,,0.0,3.0,0.0,10.0,0.0,411.0,0.071,0.037,411.0,2.482,0.332,1.0,0.004417989154768419,0.4794383149448345,462225024.0,3.0,0.141,0.092,27.0,1.0,5.0,50.0
2026-08-10T06:49:59.054508+00:00,63.201,,0.0,3.0,0.0,10.0,0.0,412.0,0.074,0.037,412.0,2.585,0.332,1.0,0.012295630031049621,0.4904522613065327,468552320.0,3.0,0.141,0.092,27.0,1.0,5.0,50.0
2026-08-10T06:50:00.062706+00:00,64.204,,0.0,3.0,0.0,10.0,0.0,413.0,0.075,0.037,413.0,2.61,0.332,1.0,0.010819461350889072,0.5222993062438057,474917176.0,3.0,0.141,0.092,27.0,1.0,5.0,50.0
2026-08-10T06:50:01.096103+00:00,65.206,,0.0,3.0,0.0,10.0,0.0,488.0,0.076,0.037,488.0,2.77,0.332,1.0,0.02238807577357988,0.43461160275319566,485596272.0,3.0,0.141,0.092,27.0,1.0,5.0,50.0
2026-08-10T06:50:02.051704+00:00,66.206,,0.0,3.0,0.0,10.0,0.0,489.0,0.076,0.037,489.0,2.778,0.332,1.0,0.007364504316388203,0.47717842323651455,489801072.0,3.0,0.141,0.092,27.0,1.0,5.0,50.0
2026-08-10T06:50:03.087576+00:00,67.211,,0.0,3.0,0.0,10.0,0.0,490.0,0.077,0.037,490.0,2.793,0.332,1.0,0.010468932300530634,0.40218470705064546,496292336.0,3.0,0.141,0.092,27.0,1.0,5.0,50.0
2026-08-10T06:50:04.037523+00:00,68.214,,0.0,3.0,0.0,10.0,0.0,492.0,0.078,0.037,492.0,2.834,0.332,1.0,0.018311943862712954,0.5020618556701031,372948648.0,4.0,0.16,0.092,27.0,1.0,5.0,50.0
2026-08-10T06:50:05.041951+00:00,69.218,,0.0,3.0,0.0,10.0,0.0,493.0,0.079,0.037,493.0,2.852,0.332,1.0,0.006347607402190784,0.34530938123752497,379278184.0,4.0,0.16,0.092,27.0,1.0,5.0,50.0
2026-08-10T06:50:06.057755+00:00,70.219,,0.0,3.0,0.0,10.0,0.0,532.0,0.093,0.037,533.0,2.977,0.332,1.0,0.015286702008274623,0.34496510468594216,385727592.0,4.0,0.16,0.092,27.0,1.0,5.0,50.0
2026-08-10T06:50:07.035203+00:00,71.219,,0.0,3.0,0.0,10.0,0.0,534.0,0.093,0.037,534.0,2.982,0.332,1.0,0.0040865074831022636,0.327217125382263,392030568.0,4.0,0.16,0.092,27.0,1.0,5.0,50.0
2026-08-10T06:50:08.046439+00:00,72.224,,0.0,3.0,0.0,10.0,0.0,536.0,0.093,0.037,536.0,3.014,0.332,1.0,0.0071337270737978995,0.3085427135678392,398473680.0,4.0,0.16,0.092,27.0,1.0,5.0,50.0
2026-08-10T06:50:09.055658+00:00,73.229,,0.0,3.0,0.0,10.0,0.0,608.0,0.093,0.037,608.0,3.176,0.332,1.0,0.014807476804849564,0.44642857142857145,409110280.0,4.0,0.16,0.092,27.0,1.0,5.0,50.0
2026-08-10T06:50:10.057097+00:00,74.23,,0.0,3.0,0.0,10.0,0.0,610.0,0.094,0.037,610.0,3.18,0.332,1.0,0.00715684875530245,0.3013013013013013,413434504.0,4.0,0.16,0.092,27.0,1.0,5.0,50.0
2026-08-10T06:50:11.064398+00:00,75.232,,0.0,3.0,0.0,10.0,0.0,612.0,0.094,0.037,612.0,3.202,0.332,1.0,0.006890856361759257,0.3,419857728.0,4.0,0.16,0.092,27.0,1.0,5.0,50.0
2026-08-10T06:50:12.063165+00:00,76.235,,0.0,3.0,0.0,10.0,0.0,616.0,0.096,0.037,616.0,3.234,0.332,1.0,0.008006260353139368,0.3731041456016178,428305600.0,4.0,0.16,0.092,27.0,1.0,5.0,50.0
2026-08-10T06:50:13.073398+00:00,77.236,,0.0,3.0,0.0,10.0,0.0,616.0,0.096,0.037,616.0,3.234,0.332,1.0,0.003891522161239441,0.353938185443669,432499904.0,4.0,0.16,0.092,27.0,1.0,5.0,50.0
2026-08-10T06:50:14.065574+00:00,78.239,,0.0,3.0,0.0,10.0,0.0,655.0,0.096,0.037,655.0,3.321,0.332,1.0,0.013227751047024339,0.4423076923076923,443130640.0,4.0,0.16,0.092,27.0,1.0,5.0,50.0
2026-08-10T06:50:15.070261+00:00,79.24,,0.0,3.0,0.0,10.0,0.0,658.0,0.098,0.037,658.0,3.343,0.332,1.0,0.007349380330954404,0.31,449446928.0,4.0,0.16,0.092,27.0,1.0,5.0,50.0
2026-08-10T06:50:16.055017+00:00,80.241,,0.0,3.0,0.0,10.0,0.0,695.0,0.099,0.037,695.0,3.389,0.332,1.0,0.0073298983945511795,0.2787878787878788,455787920.0,4.0,0.16,0.092,27.0,1.0,5.0,50.0
2026-08-10T06:50:17.070033+00:00,81.246,,0.0,3.0,0.0,10.0,0.0,696.0,0.099,0.037,696.0,3.39,0.332,1.0,0.0036177032893679496,0.3290386521308226,462086416.0,4.0,0.16,0.092,27.0,1.0,5.0,50.0
2026-08-10T06:50:18.111371+00:00,82.25,,0.0,3.0,0.0,10.0,0.0,696.0,0.099,0.037,696.0,3.39,0.332,1.0,0.003572931178877762,0.3402777777777778,466280720.0,4.0,0.16,0.092,27.0,1.0,5.0,50.0
2026-08-10T06:50:19.107327+00:00,83.251,,0.0,3.0,0.0,10.0,0.0,734.0,0.099,0.037,734.0,3.454,0.332,1.0,0.014043403526820403,0.4353059177532598,476984608.0,4.0,0.16,0.092,27.0,2.0,5.0,50.0
2026-08-10T06:50:20.085128+00:00,84.252,,0.0,3.0,0.0,10.0,0.0,736.0,0.099,0.037,736.0,3.485,0.332,1.0,0.008227160473826446,0.31466395112016293,483313056.0,4.0,0.16,0.092,27.0,1.0,5.0,50.0
2026-08-10T06:50:21.197931+00:00,85.259,,0.0,3.0,0.0,10.0,0.0,739.0,0.099,0.037,739.0,3.496,0.332,1.0,0.007826402559395118,0.4074074074074074,487528864.0,4.0,0.16,0.092,27.0,1.0,5.0,50.0
2026-08-10T06:50:22.114221+00:00,86.264,,0.0,3.0,0.0,10.0,0.0,740.0,0.099,0.037,740.0,3.498,0.332,1.0,0.008329312913871942,0.3948497854077253,493850400.0,4.0,0.16,0.092,27.0,1.0,5.0,50.0
2026-08-10T06:50:23.116559+00:00,87.269,,0.0,3.0,0.0,10.0,0.0,743.0,0.1,0.037,743.0,3.552,0.332,1.0,0.011441577329095008,0.32896064581231077,502277976.0,4.0,0.16,0.092,27.0,1.0,5.0,50.0
2026-08-10T06:50:24.133836+00:00,88.272,,0.0,3.0,0.0,10.0,0.0,779.0,0.1,0.037,779.0,3.678,0.332,1.0,0.020438724996430506,0.5698818897637795,374260320.0,5.0,0.169,0.092,27.0,1.0,5.0,50.0
2026-08-10T06:50:25.118262+00:00,89.277,,0.0,3.0,0.0,10.0,0.0,781.0,0.101,0.037,781.0,3.681,0.332,2.0,0.00606709347409535,0.390495867768595,380556256.0,5.0,0.169,0.092,27.0,1.0,5.0,50.0
2026-08-10T06:50:26.116725+00:00,90.283,,0.0,3.0,0.0,10.0,0.0,821.0,0.102,0.037,821.0,3.733,0.332,1.0,0.010884213978241845,0.3038728897715988,388998712.0,5.0,0.169,0.092,27.0,1.0,5.0,50.0
2026-08-10T06:50:27.107358+00:00,91.286,,0.0,3.0,0.0,10.0,0.0,825.0,0.102,0.037,825.0,3.75,0.332,1.0,0.005678805144984768,0.3326592517694641,395312672.0,5.0,0.169,0.092,27.0,1.0,5.0,50.0
2026-08-10T06:50:28.127556+00:00,92.296,,0.0,3.0,0.0,10.0,0.0,826.0,0.102,0.037,826.0,3.751,0.332,1.0,0.004017374026480902,0.3002973240832507,401604128.0,5.0,0.169,0.092,27.0,1.0,5.0,50.0
2026-08-10T06:50:29.185554+00:00,93.297,,0.0,3.0,0.0,10.0,0.0,826.0,0.102,0.037,826.0,3.751,0.332,1.0,0.004566709518698051,0.39864209505334625,405798432.0,5.0,0.169,0.092,27.0,1.0,5.0,50.0
2026-08-10T06:50:30.132691+00:00,94.303,,0.0,3.0,0.0,10.0,0.0,898.0,0.105,0.037,898.0,3.842,0.332,1.0,0.01638909434058507,0.39628482972136225,412236928.0,5.0,0.169,0.092,27.0,1.0,5.0,50.0
2026-08-10T06:50:31.138465+00:00,95.312,,0.0,3.0,0.0,10.0,0.0,899.0,0.106,0.037,899.0,3.877,0.332,1.0,0.0057519702878885935,0.33032128514056225,420655232.0,5.0,0.169,0.092,27.0,1.0,5.0,50.0
2026-08-10T06:50:32.316858+00:00,96.319,,0.0,3.0,0.0,10.0,0.0,939.0,0.106,0.037,939.0,3.944,0.332,1.0,0.012850686212509971,0.5391705069124424,429094752.0,5.0,0.169,0.092,27.0,1.0,5.0,50.0
2026-08-10T06:50:33.160179+00:00,97.326,,0.0,3.0,0.0,10.0,0.0,940.0,0.107,0.037,940.0,3.948,0.332,1.0,0.00759652068398179,0.4956896551724138,433293888.0,5.0,0.169,0.092,27.0,1.0,5.0,50.0
2026-08-10T06:50:34.187627+00:00,98.335,,0.0,3.0,0.0,10.0,0.0,943.0,0.112,0.037,943.0,4.085,0.332,1.0,0.00957458762856112,0.6258637709772952,441704880.0,5.0,0.169,0.092,27.0,1.0,5.0,50.0
2026-08-10T06:50:35.169948+00:00,99.338,,0.0,3.0,0.0,10.0,0.0,944.0,0.113,0.037,944.0,4.102,0.332,1.0,0.007749429612297247,0.37322515212981744,445931696.0,5.0,0.169,0.092,27.0,1.0,5.0,50.0
2026-08-10T06:50:36.192273+00:00,100.348,,0.0,3.0,0.0,10.0,0.0,945.0,0.113,0.037,945.0,4.115,0.332,1.0,0.006468053360556772,0.4419291338582677,452263712.0,5.0,0.169,0.092,27.0,2.0,5.0,50.0
2026-08-10T06:50:37.181493+00:00,101.358,,0.0,3.0,0.0,10.0,0.0,950.0,0.115,0.037,950.0,4.133,0.332,1.0,0.00777666778781231,0.3140830800405269,458583024.0,5.0,0.169,0.092,27.0,1.0,5.0,50.0
2026-08-10T06:50:38.195484+00:00,102.368,,0.0,3.0,0.0,10.0,0.0,950.0,0.115,0.037,950.0,4.133,0.332,1.0,0.003632580361217648,0.3297029702970297,464885104.0,5.0,0.169,0.092,27.0,1.0,5.0,50.0
2026-08-10T06:50:39.200621+00:00,103.378,,0.0,3.0,0.0,10.0,0.0,953.0,0.116,0.037,953.0,4.16,0.332,1.0,0.006413674204027553,0.38042381432896066,471183912.0,5.0,0.169,0.092,27.0,1.0,5.0,50.0
2026-08-10T06:50:40.210097+00:00,104.384,,0.0,3.0,0.0,10.0,0.0,955.0,0.116,0.037,955.0,4.186,0.332,1.0,0.006443085942662808,0.41222879684418146,477480744.0,5.0,0.169,0.092,27.0,1.0,5.0,50.0
2026-08-10T06:50:41.218121+00:00,105.387,,0.0,3.0,0.0,10.0,0.0,957.0,0.116,0.037,957.0,4.189,0.332,1.0,0.00471730294347849,0.36536536536536535,481675048.0,5.0,0.169,0.092,27.0,1.0,5.0,50.0
2026-08-10T06:50:42.231382+00:00,106.39,,0.0,3.0,0.0,10.0,0.0,993.0,0.117,0.037,993.0,4.285,0.332,1.0,0.009888376463899045,0.3485600794438927,490068520.0,5.0,0.169,0.092,27.0,1.0,5.0,50.0
2026-08-10T06:50:43.231537+00:00,107.394,,0.0,3.0,0.0,10.0,0.0,1101.0,0.117,0.037,1101.0,4.383,0.332,1.0,0.014191717405525084,0.354251012145749,502712488.0,5.0,0.169,0.092,27.0,1.0,5.0,50.0
2026-08-10T06:50:44.275116+00:00,108.395,,0.0,3.0,0.0,10.0,0.0,1104.0,0.117,0.037,1104.0,4.401,0.332,1.0,0.01301215092320455,0.47292069632495165,370508760.0,6.0,0.186,0.092,27.0,1.0,5.0,50.0
2026-08-10T06:50:45.234613+00:00,109.405,,0.0,3.0,0.0,10.0,0.0,1106.0,0.118,0.037,1106.0,4.415,0.332,2.0,0.008106122053553669,0.36875,378922840.0,6.0,0.186,0.092,27.0,1.0,5.0,50.0
2026-08-10T06:50:46.243185+00:00,110.406,,0.0,3.0,0.0,10.0,0.0,1108.0,0.118,0.037,1108.0,4.424,0.332,1.0,0.004638175251428577,0.2862862862862863,383127512.0,6.0,0.186,0.092,27.0,1.0,5.0,50.0
2026-08-10T06:50:47.236392+00:00,111.416,,0.0,3.0,0.0,10.0,0.0,1108.0,0.118,0.037,1108.0,4.424,0.332,1.0,0.0037373371672157177,0.321,387321816.0,6.0,0.186,0.092,27.0,1.0,5.0,50.0
2026-08-10T06:50:48.238903+00:00,112.418,,0.0,3.0,0.0,10.0,0.0,1109.0,0.119,0.037,1109.0,4.443,0.332,1.0,0.00498246005787832,0.3493975903614458,393615448.0,6.0,0.186,0.092,27.0,1.0,5.0,50.0
2026-08-10T06:50:49.244430+00:00,113.428,,0.0,3.0,0.0,10.0,0.0,1149.0,0.12,0.037,1149.0,4.55,0.332,1.0,0.011929088598514168,0.4255744255744256,404141784.0,6.0,0.186,0.092,27.0,1.0,5.0,50.0
2026-08-10T06:50:50.268829+00:00,114.433,,0.0,3.0,0.0,10.0,0.0,1151.0,0.122,0.037,1151.0,4.57,0.332,1.0,0.006266017880974596,0.4198019801980198,410450008.0,6.0,0.186,0.092,27.0,1.0,5.0,50.0
2026-08-10T06:50:51.307545+00:00,115.438,,0.0,3.0,0.0,10.0,0.0,1154.0,0.122,0.037,1154.0,4.59,0.332,2.0,0.009211337751652967,0.41862745098039217,416742360.0,6.0,0.186,0.092,27.0,2.0,5.0,50.0
2026-08-10T06:50:52.304424+00:00,116.448,,0.0,3.0,0.0,10.0,0.0,1158.0,0.122,0.037,1158.0,4.71,0.332,1.0,0.012284656417198479,0.3340080971659919,425156056.0,6.0,0.186,0.092,27.0,1.0,5.0,50.0
2026-08-10T06:50:53.281077+00:00,117.451,,0.0,3.0,0.0,10.0,0.0,1159.0,0.122,0.037,1159.0,4.713,0.332,1.0,0.005895833896266228,0.3225806451612903,431448536.0,6.0,0.186,0.092,27.0,1.0,5.0,50.0
2026-08-10T06:50:54.285329+00:00,118.454,,0.0,3.0,0.0,10.0,0.0,1162.0,0.123,0.037,1162.0,4.724,0.332,1.0,0.005349394656692706,0.4793969849246231,435642952.0,6.0,0.186,0.092,27.0,1.0,5.0,50.0
2026-08-10T06:50:55.288402+00:00,119.464,,0.0,3.0,0.0,10.0,0.0,1163.0,0.124,0.037,1163.0,4.726,0.332,1.0,0.004576005910930853,0.4202607823470411,439837256.0,6.0,0.186,0.092,27.0,1.0,5.0,50.0
2026-08-10T06:50:56.310157+00:00,120.474,,0.0,3.0,0.0,10.0,0.0,1220.0,0.125,0.037,1219.0,4.845,0.332,2.0,0.013218244884692558,0.2865612648221344,450419912.0,6.0,0.186,0.092,27.0,2.0,5.0,50.0
2026-08-10T06:50:57.330650+00:00,121.484,,0.0,3.0,0.0,10.0,0.0,1236.0,0.125,0.037,1236.0,4.883,0.332,1.0,0.007178928100617258,0.3492063492063492,456740744.0,6.0,0.186,0.092,27.0,1.0,5.0,50.0
2026-08-10T06:50:58.319470+00:00,122.494,,0.0,3.0,0.0,10.0,0.0,1275.0,0.128,0.037,1275.0,4.943,0.332,1.0,0.010462707321091995,0.48582995951417,465294008.0,6.0,0.186,0.092,27.0,1.0,5.0,50.0
2026-08-10T06:50:59.310336+00:00,123.498,,0.0,3.0,0.0,10.0,0.0,1313.0,0.129,0.037,1313.0,4.971,0.332,1.0,0.006758110935633603,0.4100502512562814,473717992.0,6.0,0.186,0.092,27.0,1.0,5.0,50.0
2026-08-10T06:51:00.337451+00:00,124.508,,0.0,3.0,0.0,10.0,0.0,1313.0,0.129,0.037,1313.0,4.971,0.332,1.0,0.003479131847362584,0.4037328094302554,477921000.0,6.0,0.186,0.092,27.0,1.0,5.0,50.0
2026-08-10T06:51:01.344752+00:00,125.516,,0.0,3.0,0.0,10.0,0.0,1316.0,0.13,0.037,1316.0,5.009,0.332,1.0,0.007789015541977282,0.4134134134134134,486315624.0,6.0,0.186,0.092,27.0,1.0,5.0,50.0
2026-08-10T06:51:02.386233+00:00,126.526,,0.0,3.0,0.0,10.0,0.0,1354.0,0.131,0.037,1354.0,5.082,0.332,1.0,0.011179476666715475,0.3837890625,492652592.0,6.0,0.186,0.092,27.0,1.0,5.0,50.0
2026-08-10T06:51:03.355163+00:00,127.531,,0.0,3.0,0.0,10.0,0.0,1355.0,0.131,0.037,1355.0,5.104,0.332,1.0,0.0076971650332171284,0.3254861821903787,498990256.0,6.0,0.186,0.092,27.0,1.0,5.0,50.0
2026-08-10T06:51:04.375328+00:00,128.539,,0.0,3.0,0.0,10.0,0.0,1356.0,0.131,0.007,1356.0,5.117,0.187,1.0,0.005035589225722148,0.4248756218905473,505290928.0,6.0,0.186,0.092,27.0,1.0,5.0,50.0
2026-08-10T06:51:05.392657+00:00,129.547,,0.0,3.0,0.0,10.0,0.0,1359.0,0.132,0.007,1358.0,5.129,0.187,2.0,0.013919081266886674,0.4412635735439289,371488024.0,7.0,0.199,0.092,27.0,1.0,5.0,50.0
2026-08-10T06:51:06.375991+00:00,130.556,,0.0,3.0,0.0,10.0,0.0,1361.0,0.133,0.007,1361.0,5.184,0.187,1.0,0.005786493927847047,0.29878048780487804,377786648.0,7.0,0.199,0.092,27.0,1.0,5.0,50.0
2026-08-10T06:51:07.383768+00:00,131.566,,0.0,3.0,0.0,10.0,0.0,1365.0,0.134,0.007,1365.0,5.199,0.187,1.0,0.005532337284343056,0.350597609561753,384096080.0,7.0,0.199,0.092,27.0,1.0,5.0,50.0
2026-08-10T06:51:08.394283+00:00,132.573,,0.0,3.0,0.0,10.0,0.0,1366.0,0.134,0.007,1366.0,5.203,0.187,1.0,0.0036920443235090336,0.3379721669980119,388291280.0,7.0,0.199,0.092,27.0,1.0,5.0,50.0
2026-08-10T06:51:09.395493+00:00,133.573,,0.0,3.0,0.0,10.0,0.0,1369.0,0.136,0.007,1369.0,5.216,0.187,1.0,0.00527864577861426,0.34437751004016065,394582736.0,7.0,0.199,0.092,27.0,1.0,5.0,50.0
2026-08-10T06:51:10.415808+00:00,134.578,,0.0,3.0,0.0,10.0,0.0,1370.0,0.137,0.007,1370.0,5.226,0.187,1.0,0.005272794065366293,0.47808764940239046,400884048.0,7.0,0.199,0.092,27.0,2.0,5.0,50.0
2026-08-10T06:51:11.423947+00:00,135.584,,0.0,3.0,0.0,10.0,0.0,1408.0,0.138,0.007,1408.0,5.311,0.187,1.0,0.011252214709644614,0.413,409277648.0,7.0,0.199,0.092,27.0,1.0,5.0,50.0
2026-08-10T06:51:12.422810+00:00,136.587,,1.0,2.0,0.0,10.0,0.0,1441.0,0.138,0.007,1440.0,5.352,0.187,2.0,0.009305039174073305,0.35671342685370744,417718280.0,7.0,0.199,0.092,27.0,2.0,5.0,50.0
2026-08-10T06:51:13.433463+00:00,137.589,,0.0,3.0,0.0,10.0,0.0,1447.0,0.139,0.007,1447.0,5.374,0.187,1.0,0.007745396254914194,0.4001996007984032,424223152.0,7.0,0.199,0.092,27.0,1.0,5.0,50.0
2026-08-10T06:51:14.434296+00:00,138.595,,0.0,3.0,0.0,10.0,0.0,1483.0,0.14,0.007,1483.0,5.433,0.187,1.0,0.010181836884876203,0.4885343968095713,432670152.0,7.0,0.199,0.092,27.0,1.0,5.0,50.0
2026-08-10T06:51:15.440204+00:00,139.598,,0.0,3.0,0.0,10.0,0.0,1484.0,0.141,0.007,1484.0,5.46,0.187,1.0,0.007394151315385999,0.401010101010101,436872776.0,7.0,0.199,0.092,27.0,1.0,5.0,50.0
2026-08-10T06:51:16.432862+00:00,140.608,,0.0,3.0,0.0,10.0,0.0,1558.0,0.143,0.007,1558.0,5.535,0.187,1.0,0.011970368160688095,0.3232931726907631,447367624.0,7.0,0.199,0.092,27.0,1.0,5.0,50.0
2026-08-10T06:51:17.453077+00:00,141.617,,0.0,3.0,0.0,10.0,0.0,1560.0,0.144,0.007,1560.0,5.563,0.187,1.0,0.006531170007872339,0.3140578265204387,453667400.0,7.0,0.199,0.092,27.0,1.0,5.0,50.0
2026-08-10T06:51:18.452042+00:00,142.625,,0.0,3.0,0.0,10.0,0.0,1561.0,0.144,0.007,1561.0,5.567,0.187,1.0,0.004763720310960779,0.3313373253493014,459966280.0,7.0,0.199,0.092,27.0,1.0,5.0,50.0
2026-08-10T06:51:19.501997+00:00,143.631,,0.0,3.0,0.0,10.0,0.0,1563.0,0.144,0.007,1563.0,5.593,0.187,1.0,0.00730336808748399,0.3507751937984496,466288328.0,7.0,0.199,0.092,27.0,1.0,5.0,50.0
2026-08-10T06:51:20.478907+00:00,144.64,,0.0,3.0,0.0,10.0,0.0,1565.0,0.144,0.007,1565.0,5.627,0.187,1.0,0.009067850542157774,0.5056065239551478,472626600.0,7.0,0.199,0.092,27.0,1.0,5.0,50.0
2026-08-10T06:51:21.479157+00:00,145.643,,0.0,3.0,0.0,10.0,0.0,1566.0,0.144,0.007,1566.0,5.638,0.187,1.0,0.00668642315370056,0.3534136546184739,478922920.0,7.0,0.199,0.092,27.0,1.0,5.0,50.0
2026-08-10T06:51:22.487493+00:00,146.651,,0.0,3.0,0.0,10.0,0.0,1569.0,0.145,0.007,1569.0,5.644,0.187,1.0,0.006293703514957169,0.265,483122088.0,7.0,0.199,0.092,27.0,1.0,5.0,50.0
2026-08-10T06:51:23.497444+00:00,147.657,,0.0,3.0,0.0,10.0,0.0,1572.0,0.146,0.007,1572.0,5.68,0.187,1.0,0.008458126145638255,0.36889332003988035,491520424.0,7.0,0.199,0.092,27.0,1.0,5.0,50.0
2026-08-10T06:51:24.528611+00:00,148.666,,0.0,3.0,0.0,10.0,0.0,1574.0,0.147,0.007,1574.0,5.697,0.187,1.0,0.0071150710481850035,0.327755905511811,497813800.0,7.0,0.199,0.092,27.0,1.0,5.0,50.0
2026-08-10T06:51:25.502855+00:00,149.674,,0.0,3.0,0.0,10.0,0.0,1576.0,0.148,0.007,1576.0,5.701,0.187,1.0,0.006587088005641426,0.40286298568507156,502008104.0,7.0,0.199,0.092,27.0,1.0,5.0,50.0
2026-08-10T06:51:26.512149+00:00,150.682,,0.0,3.0,0.0,10.0,0.0,1614.0,0.148,0.007,1614.0,5.765,0.187,1.0,0.011239615023557949,0.3548707753479125,510466600.0,7.0,0.199,0.092,27.0,1.0,5.0,50.0
2026-08-10T06:51:27.545025+00:00,151.692,,1.0,2.0,0.0,10.0,0.0,1617.0,0.15,0.007,1617.0,5.803,0.187,1.0,0.013050878891362755,0.3369351669941061,372131704.0,8.0,0.211,0.092,27.0,1.0,5.0,50.0
2026-08-10T06:51:28.512319+00:00,152.702,,0.0,3.0,0.0,10.0,0.0,1617.0,0.15,0.007,1617.0,5.803,0.187,1.0,0.0030866228294229915,0.29435897435897435,378423160.0,8.0,0.211,0.092,27.0,1.0,5.0,50.0
2026-08-10T06:51:29.559408+00:00,153.709,,0.0,3.0,0.0,10.0,0.0,1617.0,0.15,0.007,1617.0,5.803,0.187,1.0,0.0033291637756647677,0.43682664054848186,382617464.0,8.0,0.211,0.03,27.0,2.0,5.0,50.0
2026-08-10T06:51:30.542510+00:00,154.718,,0.0,3.0,0.0,10.0,0.0,1691.0,0.153,0.007,1691.0,5.907,0.187,1.0,0.012589186633823492,0.39558232931726905,393161592.0,8.0,0.211,0.03,27.0,1.0,5.0,50.0
2026-08-10T06:51:31.546260+00:00,155.723,,0.0,3.0,0.0,10.0,0.0,1728.0,0.154,0.007,1728.0,5.96,0.187,1.0,0.009838093958261787,0.47647647647647645,399516920.0,8.0,0.211,0.03,27.0,1.0,5.0,50.0
2026-08-10T06:51:32.584929+00:00,156.732,,1.0,2.0,0.0,10.0,0.0,1762.0,0.154,0.007,1761.0,6.073,0.187,2.0,0.01548674027568416,0.5617647058823529,410052472.0,8.0,0.211,0.03,27.0,1.0,5.0,50.0
2026-08-10T06:51:33.582081+00:00,157.74,,0.0,3.0,0.0,10.0,0.0,1769.0,0.155,0.007,1769.0,6.108,0.187,1.0,0.007560277480142262,0.3515151515151515,414263032.0,8.0,0.211,0.03,27.0,1.0,5.0,50.0
2026-08-10T06:51:34.565056+00:00,158.75,,0.0,3.0,0.0,10.0,0.0,1771.0,0.155,0.007,1771.0,6.133,0.187,1.0,0.0062564873438390204,0.4355329949238579,420558456.0,8.0,0.211,0.03,27.0,1.0,5.0,50.0
2026-08-10T06:51:35.599118+00:00,159.758,,0.0,3.0,0.0,10.0,0.0,1774.0,0.156,0.007,1774.0,6.199,0.187,1.0,0.010169827071687426,0.4563297350343474,428947832.0,8.0,0.211,0.03,27.0,1.0,5.0,50.0
2026-08-10T06:51:36.595042+00:00,160.768,,0.0,3.0,0.0,10.0,0.0,1776.0,0.156,0.007,1776.0,6.221,0.187,1.0,0.006653714524830751,0.35971943887775554,435240952.0,8.0,0.211,0.03,27.0,1.0,5.0,50.0
2026-08-10T06:51:37.608884+00:00,161.777,,0.0,3.0,0.0,10.0,0.0,1779.0,0.159,0.007,1779.0,6.225,0.187,1.0,0.005097282744455855,0.32736318407960197,441532408.0,8.0,0.211,0.03,27.0,1.0,5.0,50.0
2026-08-10T06:51:38.611665+00:00,162.787,,0.0,3.0,0.0,10.0,0.0,1783.0,0.159,0.007,1783.0,6.248,0.187,1.0,0.006589075761852845,0.3092369477911647,447839992.0,8.0,0.211,0.03,27.0,1.0,5.0,50.0
2026-08-10T06:51:39.609663+00:00,163.792,,0.0,3.0,0.0,10.0,0.0,1819.0,0.159,0.007,1819.0,6.285,0.187,1.0,0.005530172663624717,0.3564954682779456,454131448.0,8.0,0.211,0.03,27.0,1.0,5.0,50.0
2026-08-10T06:51:40.645654+00:00,164.796,,0.0,3.0,0.0,10.0,0.0,1822.0,0.161,0.007,1822.0,6.313,0.187,1.0,0.007681566980914072,0.43559488692232057,462520056.0,8.0,0.211,0.03,27.0,1.0,5.0,50.0
2026-08-10T06:51:41.624234+00:00,165.798,,0.0,3.0,0.0,10.0,0.0,1823.0,0.162,0.007,1823.0,6.315,0.187,1.0,0.005552636892283244,0.3928934010152284,466714360.0,8.0,0.211,0.03,27.0,1.0,5.0,50.0
2026-08-10T06:51:42.630648+00:00,166.802,,0.0,3.0,0.0,10.0,0.0,1825.0,0.164,0.007,1825.0,6.325,0.187,1.0,0.005472312056314798,0.33101391650099404,473005816.0,8.0,0.211,0.03,27.0,1.0,5.0,50.0
2026-08-10T06:51:43.652879+00:00,167.812,,0.0,3.0,0.0,10.0,0.0,1862.0,0.164,0.007,1862.0,6.355,0.187,1.0,0.006286274439483326,0.361,479300216.0,8.0,0.211,0.03,27.0,1.0,5.0,50.0
2026-08-10T06:51:44.632183+00:00,168.819,,0.0,3.0,0.0,10.0,0.0,1862.0,0.164,0.007,1862.0,6.355,0.187,1.0,0.003257608272630228,0.409919028340081,485591672.0,8.0,0.211,0.03,27.0,1.0,5.0,50.0
2026-08-10T06:51:45.654011+00:00,169.822,,0.0,3.0,0.0,10.0,0.0,1899.0,0.164,0.007,1899.0,6.404,0.187,1.0,0.00922261233464553,0.35678889990089196,491931000.0,8.0,0.211,0.03,27.0,1.0,5.0,50.0
2026-08-10T06:51:46.649941+00:00,170.832,,0.0,3.0,0.0,10.0,0.0,1937.0,0.165,0.007,1937.0,6.436,0.187,1.0,0.007286942158015566,0.33266533066132264,500336120.0,8.0,0.211,0.03,27.0,1.0,5.0,50.0
2026-08-10T06:51:47.676418+00:00,171.842,,0.0,3.0,0.0,10.0,0.0,1963.0,0.166,0.007,1965.0,6.481,0.187,2.0,0.007520456044122935,0.35932872655478776,508732280.0,8.0,0.211,0.03,27.0,1.0,5.0,50.0
2026-08-10T06:51:48.677964+00:00,172.843,,0.0,3.0,0.0,10.0,0.0,1977.0,0.167,0.007,1977.0,6.518,0.187,1.0,0.009285503809617355,0.2674066599394551,515063160.0,8.0,0.211,0.03,27.0,1.0,5.0,50.0
2026-08-10T06:51:49.657937+00:00,173.848,,0.0,3.0,0.0,10.0,0.0,1979.0,0.168,0.007,1979.0,6.533,0.187,1.0,0.00947467299204227,0.34949494949494947,376679688.0,9.0,0.22,0.03,27.0,1.0,5.0,50.0
2026-08-10T06:51:50.699177+00:00,174.858,,0.0,3.0,0.0,10.0,0.0,1981.0,0.169,0.007,1981.0,6.563,0.187,1.0,0.006993341065118234,0.4843137254901961,382984328.0,9.0,0.22,0.03,27.0,1.0,5.0,50.0
2026-08-10T06:51:51.681949+00:00,175.864,,0.0,3.0,0.0,10.0,0.0,1984.0,0.17,0.007,1984.0,6.587,0.187,1.0,0.006951136689489332,0.5343434343434343,389323528.0,9.0,0.22,0.03,27.0,1.0,5.0,50.0
2026-08-10T06:51:52.700844+00:00,176.874,,0.0,3.0,0.0,10.0,0.0,1986.0,0.17,0.007,1986.0,6.615,0.187,1.0,0.005447232700318574,0.29179030662710187,395620104.0,9.0,0.22,0.03,27.0,1.0,5.0,50.0
2026-08-10T06:51:53.700925+00:00,177.883,,0.0,3.0,0.0,10.0,0.0,1987.0,0.171,0.007,1987.0,6.616,0.187,1.0,0.0034083485368748955,0.3319959879638917,401911560.0,9.0,0.22,0.03,27.0,1.0,5.0,50.0
2026-08-10T06:51:54.714369+00:00,178.886,,0.0,3.0,0.0,10.0,0.0,1990.0,0.172,0.007,1990.0,6.631,0.187,1.0,0.005459208244799389,0.41334661354581675,408213896.0,9.0,0.22,0.03,27.0,1.0,5.0,50.0
2026-08-10T06:51:55.743077+00:00,179.894,,0.0,3.0,0.0,10.0,0.0,1992.0,0.172,0.007,1992.0,6.662,0.187,1.0,0.007496463249175563,0.48971596474045054,414507016.0,9.0,0.22,0.03,27.0,1.0,5.0,50.0
2026-08-10T06:51:56.730949+00:00,180.896,,0.0,3.0,0.0,10.0,0.0,2065.0,0.173,0.007,2065.0,6.751,0.187,1.0,0.01211950877636838,0.4026639344262295,422895624.0,9.0,0.22,0.03,27.0,1.0,5.0,50.0
2026-08-10T06:51:57.739558+00:00,181.907,,0.0,3.0,0.0,10.0,0.0,2068.0,0.173,0.007,2068.0,6.756,0.187,1.0,0.00574346499294909,0.323733862959285,429193608.0,9.0,0.22,0.03,27.0,1.0,5.0,50.0
2026-08-10T06:51:58.735183+00:00,182.917,,0.0,3.0,0.0,10.0,0.0,2106.0,0.173,0.007,2106.0,6.822,0.187,1.0,0.009555627427557528,0.32593340060544906,437614216.0,9.0,0.22,0.03,27.0,1.0,5.0,50.0
2026-08-10T06:51:59.737086+00:00,183.927,,0.0,3.0,0.0,10.0,0.0,2106.0,0.173,0.007,2106.0,6.822,0.187,1.0,0.002043944405829071,0.3613613613613614,441808520.0,9.0,0.22,0.03,27.0,1.0,5.0,50.0
2026-08-10T06:52:00.765117+00:00,184.934,,0.0,3.0,0.0,10.0,0.0,2108.0,0.175,0.007,2108.0,6.843,0.187,1.0,0.007046603885111126,0.39546351084812625,448116360.0,9.0,0.22,0.03,27.0,1.0,5.0,50.0
2026-08-10T06:52:01.762663+00:00,185.935,,0.0,3.0,0.0,10.0,0.0,2145.0,0.176,0.007,2145.0,6.897,0.187,1.0,0.00798984260642401,0.4068479355488419,456509448.0,9.0,0.22,0.03,27.0,1.0,5.0,50.0
2026-08-10T06:52:02.774838+00:00,186.938,,0.0,3.0,0.0,10.0,0.0,2183.0,0.177,0.007,2183.0,6.946,0.187,1.0,0.009750003942222783,0.3333333333333333,464911408.0,9.0,0.22,0.03,27.0,1.0,5.0,50.0
2026-08-10T06:52:03.763923+00:00,187.948,,0.0,3.0,0.0,10.0,0.0,2184.0,0.177,0.007,2184.0,6.966,0.118,1.0,0.00394005857553749,0.3902439024390244,471204144.0,9.0,0.22,0.03,27.0,1.0,5.0,50.0
2026-08-10T06:52:04.774276+00:00,188.958,,0.0,3.0,0.0,10.0,0.0,2186.0,0.178,0.007,2186.0,6.983,0.118,1.0,0.00440545105269265,0.3687872763419483,475403440.0,9.0,0.22,0.03,27.0,1.0,5.0,50.0
2026-08-10T06:52:05.831853+00:00,189.96,,1.0,2.0,0.0,10.0,0.0,2190.0,0.178,0.007,2190.0,7.051,0.118,1.0,0.012324738804748969,0.472356935014549,483807792.0,9.0,0.22,0.03,27.0,1.0,5.0,50.0
2026-08-10T06:52:06.785229+00:00,190.97,,0.0,3.0,0.0,10.0,0.0,2190.0,0.178,0.007,2190.0,7.051,0.118,1.0,0.004280995140730233,0.33575129533678755,488002096.0,9.0,0.22,0.03,27.0,1.0,5.0,50.0
2026-08-10T06:52:07.805634+00:00,191.98,,0.0,3.0,0.0,10.0,0.0,2193.0,0.18,0.007,2193.0,7.07,0.118,1.0,0.005809297670908148,0.4461994076999013,494313136.0,9.0,0.22,0.03,27.0,1.0,5.0,50.0
2026-08-10T06:52:08.818194+00:00,192.989,,0.0,3.0,0.0,10.0,0.0,2196.0,0.18,0.007,2196.0,7.092,0.118,1.0,0.00638903057575073,0.2803180914512923,500604592.0,9.0,0.22,0.03,27.0,1.0,5.0,50.0
2026-08-10T06:52:09.842958+00:00,193.997,,0.0,3.0,0.0,10.0,0.0,2198.0,0.181,0.007,2198.0,7.106,0.118,1.0,0.005611220484954821,0.3575638506876228,506908720.0,9.0,0.22,0.03,27.0,1.0,5.0,50.0
2026-08-10T06:52:10.828305+00:00,195.007,,0.0,3.0,0.0,10.0,0.0,2200.0,0.182,0.007,2200.0,7.118,0.118,1.0,0.004917850619858087,0.40060851926977686,513200176.0,9.0,0.22,0.03,27.0,1.0,5.0,50.0
2026-08-10T06:52:11.841335+00:00,196.017,,0.0,3.0,0.0,10.0,0.0,2239.0,0.183,0.007,2239.0,7.203,0.118,1.0,0.018030211456376392,0.3856143856143856,374687048.0,10.0,0.234,0.03,27.0,1.0,5.0,50.0
2026-08-10T06:52:12.868226+00:00,197.027,,0.0,3.0,0.0,10.0,0.0,2275.0,0.183,0.007,2275.0,7.234,0.118,1.0,0.007120141950641678,0.35854616895874264,383123784.0,10.0,0.234,0.03,27.0,1.0,5.0,50.0
2026-08-10T06:52:13.877289+00:00,198.037,,1.0,2.0,0.0,10.0,0.0,2309.0,0.186,0.007,2309.0,7.283,0.118,2.0,0.010946352739069716,0.3531746031746032,391531336.0,10.0,0.234,0.03,27.0,1.0,5.0,50.0
2026-08-10T06:52:14.857869+00:00,199.047,,0.0,3.0,0.0,10.0,0.0,2314.0,0.186,0.007,2314.0,7.291,0.118,1.0,0.0032556160412695397,0.306205493387589,395725640.0,10.0,0.234,0.03,27.0,1.0,5.0,50.0
2026-08-10T06:52:15.899627+00:00,200.054,,0.0,3.0,0.0,10.0,0.0,2350.0,0.186,0.007,2350.0,7.346,0.118,1.0,0.007875303717787913,0.35609756097560974,404125768.0,10.0,0.234,0.03,27.0,1.0,5.0,50.0
2026-08-10T06:52:16.895839+00:00,201.054,,0.0,3.0,0.0,10.0,0.0,2351.0,0.187,0.007,2351.0,7.359,0.118,1.0,0.006673611367982861,0.3649193548387097,408320840.0,10.0,0.234,0.03,27.0,1.0,5.0,50.0
2026-08-10T06:52:17.888896+00:00,202.054,,0.0,3.0,0.0,10.0,0.0,2388.0,0.188,0.007,2388.0,7.41,0.118,1.0,0.009138950052149727,0.35264227642276424,416733128.0,10.0,0.234,0.03,27.0,1.0,5.0,50.0
2026-08-10T06:52:18.889917+00:00,203.06,,0.0,3.0,0.0,10.0,0.0,2428.0,0.191,0.007,2428.0,7.461,0.118,1.0,0.009809651709921896,0.2694610778443114,427245384.0,10.0,0.234,0.03,27.0,1.0,5.0,50.0
2026-08-10T06:52:19.924536+00:00,204.069,,0.0,3.0,0.0,10.0,0.0,2430.0,0.191,0.007,2430.0,7.47,0.118,1.0,0.00620415805722224,0.3424657534246575,431448520.0,10.0,0.234,0.03,27.0,1.0,5.0,50.0
2026-08-10T06:52:20.941666+00:00,205.085,,0.0,3.0,0.0,10.0,0.0,2433.0,0.192,0.007,2433.0,7.58,0.118,1.0,0.01187021110242377,0.6594274432379073,439839432.0,10.0,0.234,0.03,27.0,1.0,5.0,50.0
2026-08-10T06:52:21.943404+00:00,206.094,,0.0,3.0,0.0,10.0,0.0,2435.0,0.194,0.007,2435.0,7.669,0.118,1.0,0.012256984511693093,0.6686746987951807,446134856.0,10.0,0.234,0.03,27.0,2.0,5.0,50.0
2026-08-10T06:52:22.939302+00:00,207.103,,0.0,2.0,0.0,10.0,0.0,2439.0,0.196,0.007,2439.0,7.716,0.118,1.0,0.009522891342468132,0.44263959390862945,452430776.0,10.0,0.234,0.03,27.0,1.0,5.0,50.0
2026-08-10T06:52:23.947377+00:00,208.112,,0.0,3.0,0.0,10.0,0.0,2441.0,0.196,0.007,2441.0,7.721,0.118,1.0,0.005431316205198396,0.377601585728444,458722232.0,10.0,0.234,0.03,27.0,1.0,5.0,50.0
2026-08-10T06:52:24.980979+00:00,209.122,,0.0,3.0,0.0,10.0,0.0,2444.0,0.196,0.007,2444.0,7.743,0.118,1.0,0.008051658038774761,0.3698224852071006,467115064.0,10.0,0.234,0.03,27.0,1.0,5.0,50.0
2026-08-10T06:52:25.966958+00:00,210.129,,0.0,3.0,0.0,10.0,0.0,2448.0,0.199,0.007,2448.0,7.77,0.118,1.0,0.008544313377261581,0.4260958205912334,473406520.0,10.0,0.234,0.03,27.0,1.0,5.0,50.0
2026-08-10T06:52:26.950208+00:00,211.135,,0.0,3.0,0.0,10.0,0.0,2450.0,0.2,0.007,2450.0,7.773,0.118,1.0,0.004935540690409639,0.3410696266397578,477600824.0,10.0,0.234,0.03,27.0,1.0,5.0,50.0
2026-08-10T06:52:27.974854+00:00,212.145,,0.0,3.0,0.0,10.0,0.0,2488.0,0.2,0.007,2488.0,7.821,0.118,1.0,0.00849605949117844,0.35854616895874264,486005688.0,10.0,0.234,0.03,27.0,1.0,5.0,50.0
2026-08-10T06:52:28.986104+00:00,213.154,,0.0,3.0,0.0,10.0,0.0,2561.0,0.2,0.007,2561.0,7.899,0.118,1.0,0.011387963358960843,0.2922922922922923,496508472.0,10.0,0.234,0.03,27.0,1.0,5.0,50.0
2026-08-10T06:52:29.985093+00:00,214.163,,0.0,3.0,0.0,10.0,0.0,2672.0,0.2,0.007,2672.0,7.996,0.118,1.0,0.014220437620786341,0.3283283283283283,509137592.0,10.0,0.234,0.017,27.0,1.0,5.0,50.0
2026-08-10T06:52:31.006855+00:00,215.173,,0.0,3.0,0.0,10.0,0.0,2672.0,0.2,0.007,2672.0,7.996,0.118,1.0,0.003940448557842702,0.4332344213649852,513331896.0,10.0,0.234,0.017,27.0,1.0,5.0,50.0
2026-08-10T06:52:32.124780+00:00,216.177,,0.0,3.0,0.0,10.0,0.0,2677.0,0.202,0.007,2677.0,8.049,0.118,1.0,0.015149379945473551,0.5275443510737629,375165224.0,11.0,0.249,0.017,27.0,1.0,5.0,50.0
2026-08-10T06:52:33.016062+00:00,217.187,,0.0,3.0,0.0,10.0,0.0,2678.0,0.203,0.007,2678.0,8.092,0.118,1.0,0.009632290092627248,0.5482123510292525,381457448.0,11.0,0.249,0.017,27.0,1.0,5.0,50.0
2026-08-10T06:52:34.010217+00:00,218.187,,0.0,3.0,0.0,10.0,0.0,2717.0,0.205,0.007,2717.0,8.172,0.118,1.0,0.012006047852482032,0.3528225806451613,391949352.0,11.0,0.249,0.017,27.0,1.0,5.0,50.0
2026-08-10T06:52:35.026222+00:00,219.197,,0.0,3.0,0.0,10.0,0.0,2718.0,0.206,0.007,2718.0,8.185,0.118,1.0,0.0048461730123512455,0.2881188118811881,398240808.0,11.0,0.249,0.017,27.0,1.0,5.0,50.0
2026-08-10T06:52:36.050479+00:00,220.203,,0.0,3.0,0.0,10.0,0.0,2721.0,0.206,0.007,2721.0,8.237,0.118,1.0,0.009059164150039777,0.46368159203980097,404537384.0,11.0,0.249,0.017,27.0,1.0,5.0,50.0
2026-08-10T06:52:37.026611+00:00,221.212,,0.0,3.0,0.0,10.0,0.0,2725.0,0.207,0.007,2725.0,8.257,0.118,1.0,0.008059693391935885,0.37551020408163266,410845736.0,11.0,0.249,0.017,27.0,1.0,5.0,50.0
2026-08-10T06:52:38.061069+00:00,222.222,,0.0,3.0,0.0,10.0,0.0,2730.0,0.207,0.007,2730.0,8.286,0.118,1.0,0.008442748017178764,0.3603515625,419244328.0,11.0,0.249,0.017,27.0,1.0,5.0,50.0
2026-08-10T06:52:39.066592+00:00,223.232,,0.0,3.0,0.0,10.0,0.0,2732.0,0.207,0.007,2732.0,8.289,0.118,2.0,0.006487502883643971,0.2731804586241276,425537960.0,11.0,0.249,0.017,27.0,1.0,5.0,50.0
2026-08-10T06:52:40.055247+00:00,224.242,,0.0,3.0,0.0,10.0,0.0,2737.0,0.207,0.007,2737.0,8.322,0.118,1.0,0.00686857218510101,0.3154158215010142,431845160.0,11.0,0.249,0.017,27.0,1.0,5.0,50.0
2026-08-10T06:52:41.081275+00:00,225.245,,0.0,3.0,0.0,10.0,0.0,2739.0,0.207,0.007,2739.0,8.333,0.118,1.0,0.00515886972702033,0.45624385447394294,438136616.0,11.0,0.249,0.017,27.0,1.0,5.0,50.0
2026-08-10T06:52:42.084224+00:00,226.249,,0.0,3.0,0.0,10.0,0.0,2741.0,0.207,0.007,2741.0,8.338,0.118,1.0,0.0052893271322780894,0.35843373493975905,442330920.0,11.0,0.249,0.017,27.0,1.0,5.0,50.0
2026-08-10T06:52:43.098588+00:00,227.255,,0.0,3.0,0.0,10.0,0.0,2816.0,0.208,0.007,2816.0,8.431,0.118,1.0,0.01614114752574526,0.33134328358208953,452987176.0,11.0,0.249,0.017,27.0,1.0,5.0,50.0
2026-08-10T06:52:44.099521+00:00,228.257,,0.0,3.0,0.0,10.0,0.0,2853.0,0.208,0.007,2853.0,8.472,0.118,1.0,0.00973377919485704,0.3981945837512538,463500144.0,11.0,0.249,0.017,27.0,1.0,5.0,50.0
2026-08-10T06:52:45.091922+00:00,229.262,,0.0,3.0,0.0,10.0,0.0,2891.0,0.208,0.007,2891.0,8.532,0.118,1.0,0.009946711534115166,0.3649193548387097,469803248.0,11.0,0.249,0.017,27.0,1.0,5.0,50.0
2026-08-10T06:52:46.117675+00:00,230.263,,1.0,2.0,0.0,10.0,0.0,2917.0,0.211,0.007,2917.0,8.581,0.118,2.0,0.010783819900811125,0.5533596837944664,478212848.0,11.0,0.249,0.017,27.0,2.0,5.0,50.0
2026-08-10T06:52:47.095603+00:00,231.272,,0.0,3.0,0.0,10.0,0.0,3001.0,0.213,0.007,3001.0,8.711,0.118,1.0,0.014631675902638431,0.49795918367346936,488708080.0,11.0,0.249,0.017,27.0,1.0,5.0,50.0
2026-08-10T06:52:48.092687+00:00,232.273,,0.0,3.0,0.0,10.0,0.0,3041.0,0.214,0.007,3041.0,8.787,0.118,1.0,0.013390034555121574,0.3753784056508577,499502608.0,11.0,0.249,0.017,27.0,1.0,5.0,50.0
2026-08-10T06:52:49.106948+00:00,233.283,,0.0,3.0,0.0,10.0,0.0,3043.0,0.214,0.007,3043.0,8.812,0.118,1.0,0.005552606843055683,0.34390485629335976,505794064.0,11.0,0.249,0.017,27.0,1.0,5.0,50.0
2026-08-10T06:52:50.107230+00:00,234.287,,0.0,3.0,0.0,10.0,0.0,3049.0,0.216,0.007,3049.0,8.845,0.118,1.0,0.007274127819797736,0.31786074672048437,514190096.0,11.0,0.249,0.017,27.0,1.0,5.0,50.0
2026-08-10T06:52:51.117099+00:00,235.294,,0.0,3.0,0.0,10.0,0.0,3051.0,0.217,0.007,3051.0,8.848,0.118,1.0,0.008905858931163023,0.5148514851485149,375596120.0,12.0,0.257,0.017,27.0,1.0,5.0,50.0
2026-08-10T06:52:52.129616+00:00,236.302,,0.0,3.0,0.0,10.0,0.0,3054.0,0.219,0.007,3054.0,8.876,0.118,1.0,0.007415857564997144,0.4491017964071856,381922264.0,12.0,0.257,0.017,27.0,1.0,5.0,50.0
2026-08-10T06:52:53.135292+00:00,237.304,,0.0,3.0,0.0,10.0,0.0,3057.0,0.22,0.007,3057.0,8.903,0.118,1.0,0.00688915855186994,0.31868131868131866,390310872.0,12.0,0.257,0.017,27.0,1.0,5.0,50.0
2026-08-10T06:52:54.149486+00:00,238.31,,0.0,3.0,0.0,10.0,0.0,3063.0,0.222,0.007,3063.0,8.948,0.118,1.0,0.010239708052083095,0.4188376753507014,398699480.0,12.0,0.257,0.017,27.0,1.0,5.0,50.0
2026-08-10T06:52:55.136143+00:00,239.313,,0.0,3.0,0.0,10.0,0.0,3103.0,0.222,0.007,3103.0,9.003,0.118,1.0,0.009742137251430931,0.3326612903225806,407088088.0,12.0,0.257,0.017,27.0,1.0,5.0,50.0
2026-08-10T06:52:56.147485+00:00,240.317,,1.0,2.0,0.0,10.0,0.0,3106.0,0.222,0.007,3106.0,9.035,0.118,1.0,0.005861923227180124,0.3933601609657948,413379544.0,12.0,0.257,0.017,27.0,1.0,5.0,50.0
2026-08-10T06:52:57.140994+00:00,241.324,,0.0,3.0,0.0,10.0,0.0,3146.0,0.222,0.007,3146.0,9.096,0.118,1.0,0.010261945352487528,0.4242728184553661,421777112.0,12.0,0.257,0.017,27.0,1.0,5.0,50.0
2026-08-10T06:52:58.138440+00:00,242.328,,0.0,3.0,0.0,10.0,0.0,3186.0,0.222,0.007,3186.0,9.133,0.118,1.0,0.007242018186916637,0.2752016129032258,430175576.0,12.0,0.257,0.017,27.0,1.0,5.0,50.0
2026-08-10T06:52:59.153797+00:00,243.338,,0.0,3.0,0.0,10.0,0.0,3223.0,0.223,0.007,3223.0,9.168,0.118,1.0,0.005807522505517339,0.30921704658077304,438565336.0,12.0,0.257,0.017,27.0,1.0,5.0,50.0
2026-08-10T06:53:00.174676+00:00,244.348,,0.0,3.0,0.0,10.0,0.0,3298.0,0.223,0.007,3298.0,9.249,0.118,1.0,0.011226414445940148,0.34881422924901184,451169112.0,12.0,0.257,0.017,27.0,1.0,5.0,50.0
2026-08-10T06:53:01.212152+00:00,245.355,,0.0,3.0,0.0,10.0,0.0,3335.0,0.224,0.007,3335.0,9.273,0.118,1.0,0.00671399546722932,0.4591937069813176,459559384.0,12.0,0.257,0.017,27.0,1.0,5.0,50.0
2026-08-10T06:53:02.206463+00:00,246.363,,0.0,3.0,0.0,10.0,0.0,3374.0,0.224,0.007,3374.0,9.39,0.118,1.0,0.014588684910123413,0.4819639278557114,467958232.0,12.0,0.257,0.017,27.0,1.0,5.0,50.0
2026-08-10T06:53:03.191942+00:00,247.373,,0.0,3.0,0.0,10.0,0.0,3379.0,0.224,0.007,3379.0,9.425,0.118,1.0,0.00805170710065138,0.4766734279918864,476358360.0,12.0,0.257,0.017,27.0,1.0,5.0,50.0
2026-08-10T06:53:04.201957+00:00,248.383,,0.0,3.0,0.0,10.0,0.0,3417.0,0.224,0.003,3417.0,9.476,0.087,1.0,0.008201686490763867,0.38095238095238093,484755928.0,12.0,0.257,0.017,27.0,1.0,5.0,50.0
2026-08-10T06:53:05.230451+00:00,249.388,,0.0,3.0,0.0,10.0,0.0,3457.0,0.226,0.003,3457.0,9.518,0.087,1.0,0.008676363813561386,0.30596285434995113,493145432.0,12.0,0.257,0.017,27.0,1.0,5.0,50.0
2026-08-10T06:53:06.240630+00:00,250.397,,0.0,3.0,0.0,10.0,0.0,3461.0,0.227,0.003,3461.0,9.541,0.087,1.0,0.007097820122711628,0.4134808853118712,501534040.0,12.0,0.257,0.017,27.0,1.0,5.0,50.0
2026-08-10T06:53:07.225752+00:00,251.397,,0.0,3.0,0.0,10.0,0.0,3466.0,0.227,0.003,3466.0,9.615,0.087,1.0,0.01170789444690961,0.41182466870540263,507825496.0,12.0,0.257,0.017,27.0,1.0,5.0,50.0
2026-08-10T06:53:08.255257+00:00,252.406,,0.0,3.0,0.0,10.0,0.0,3505.0,0.23,0.003,3505.0,9.665,0.087,1.0,0.010275034893805945,0.27865612648221344,516222680.0,13.0,0.266,0.017,27.0,1.0,5.0,50.0
2026-08-10T06:53:09.243818+00:00,253.409,,0.0,3.0,0.0,10.0,0.0,3507.0,0.23,0.003,3507.0,9.692,0.087,1.0,0.011832997967784885,0.38306451612903225,379870192.0,13.0,0.266,0.017,27.0,1.0,5.0,50.0
2026-08-10T06:53:10.269659+00:00,254.418,,0.0,3.0,0.0,10.0,0.0,3513.0,0.23,0.003,3513.0,9.729,0.087,1.0,0.009815669647405503,0.4523107177974435,386161648.0,13.0,0.266,0.017,27.0,1.0,5.0,50.0
2026-08-10T06:53:11.290458+00:00,255.421,,0.0,3.0,0.0,10.0,0.0,3518.0,0.231,0.003,3518.0,9.753,0.087,1.0,0.008626081975874346,0.5950248756218905,392454000.0,13.0,0.266,0.017,27.0,1.0,5.0,50.0
2026-08-10T06:53:12.272844+00:00,256.428,,0.0,3.0,0.0,10.0,0.0,3521.0,0.232,0.003,3521.0,9.79,0.087,1.0,0.010700446853960962,0.403242147922999,400875760.0,13.0,0.266,0.017,27.0,1.0,5.0,50.0
2026-08-10T06:53:13.275883+00:00,257.43,,0.0,3.0,0.0,10.0,0.0,3632.0,0.234,0.003,3632.0,9.907,0.087,1.0,0.017009146635387877,0.32795156407669024,413502616.0,13.0,0.266,0.017,27.0,1.0,5.0,50.0
2026-08-10T06:53:14.270520+00:00,258.433,,0.0,3.0,0.0,10.0,0.0,3674.0,0.234,0.003,3674.0,9.977,0.087,1.0,0.014175679860129973,0.3885542168674699,424031256.0,13.0,0.266,0.017,27.0,1.0,5.0,50.0
2026-08-10T06:53:15.267653+00:00,259.435,,0.0,3.0,0.0,10.0,0.0,3679.0,0.236,0.003,3679.0,9.996,0.087,1.0,0.007988879705462469,0.3282980866062437,432427928.0,13.0,0.266,0.017,27.0,1.0,5.0,50.0
2026-08-10T06:53:16.283009+00:00,260.444,,0.0,3.0,0.0,10.0,0.0,3680.0,0.236,0.003,3680.0,9.998,0.087,1.0,0.004788341360802106,0.3323353293413174,436623128.0,13.0,0.266,0.017,27.0,1.0,5.0,50.0
2026-08-10T06:53:17.289925+00:00,261.452,,0.0,3.0,0.0,10.0,0.0,3789.0,0.236,0.003,3789.0,10.155,0.087,1.0,0.01722957856348078,0.469061876247505,449212568.0,13.0,0.266,0.017,27.0,2.0,5.0,50.0
2026-08-10T06:53:18.273412+00:00,262.453,,0.0,3.0,0.0,10.0,0.0,3864.0,0.238,0.003,3864.0,10.242,0.087,1.0,0.013078922673902328,0.29878048780487804,461820824.0,13.0,0.266,0.017,27.0,1.0,5.0,50.0
2026-08-10T06:53:19.282990+00:00,263.455,,0.0,3.0,0.0,10.0,0.0,3871.0,0.239,0.003,3871.0,10.285,0.087,1.0,0.009484722755180353,0.3473895582329317,472312728.0,13.0,0.266,0.017,27.0,1.0,5.0,50.0
2026-08-10T06:53:20.282523+00:00,264.46,,0.0,3.0,0.0,10.0,0.0,3874.0,0.239,0.003,3874.0,10.327,0.087,1.0,0.007299726945612024,0.385,478604184.0,13.0,0.266,0.017,27.0,1.0,5.0,50.0
2026-08-10T06:53:21.377036+00:00,265.466,,0.0,3.0,0.0,10.0,0.0,3876.0,0.239,0.003,3876.0,10.33,0.087,1.0,0.0069216756045772775,0.5363805970149254,482798488.0,13.0,0.266,0.017,27.0,1.0,5.0,50.0
2026-08-10T06:53:22.304176+00:00,266.476,,0.0,3.0,0.0,10.0,0.0,3884.0,0.244,0.003,3884.0,10.448,0.087,1.0,0.018719707785000626,0.6033934252386002,495433224.0,13.0,0.266,0.017,27.0,1.0,5.0,50.0
2026-08-10T06:53:23.311618+00:00,267.485,,0.0,3.0,0.0,10.0,0.0,3924.0,0.245,0.003,3924.0,10.526,0.087,1.0,0.012961986524711634,0.28286852589641437,503854728.0,13.0,0.266,0.017,27.0,1.0,5.0,50.0
2026-08-10T06:53:24.340653+00:00,268.493,,0.0,3.0,0.0,10.0,0.0,3928.0,0.246,0.003,3928.0,10.545,0.087,1.0,0.007333804494481978,0.34812623274161736,512243336.0,13.0,0.266,0.017,27.0,1.0,5.0,50.0
2026-08-10T06:53:25.340351+00:00,269.503,,0.0,3.0,0.0,10.0,0.0,3966.0,0.246,0.003,3966.0,10.568,0.087,1.0,0.012826986575354355,0.3502994011976048,373835848.0,14.0,0.277,0.017,27.0,1.0,5.0,50.0
2026-08-10T06:53:26.351061+00:00,270.514,,0.0,3.0,0.0,10.0,0.0,3973.0,0.247,0.003,3973.0,10.626,0.087,1.0,0.011369754236314693,0.45060483870967744,382226888.0,14.0,0.277,0.017,27.0,1.0,5.0,50.0
2026-08-10T06:53:27.349411+00:00,271.521,,0.0,3.0,0.0,10.0,0.0,4049.0,0.248,0.003,4049.0,10.719,0.087,1.0,0.013747008150901095,0.3894422310756972,396913224.0,14.0,0.277,0.017,27.0,1.0,5.0,50.0
2026-08-10T06:53:28.375020+00:00,272.531,,0.0,3.0,0.0,10.0,0.0,4089.0,0.248,0.003,4089.0,10.767,0.087,1.0,0.00967961041760799,0.3198019801980198,403268936.0,14.0,0.277,0.017,27.0,1.0,5.0,50.0
2026-08-10T06:53:29.359296+00:00,273.538,,0.0,3.0,0.0,10.0,0.0,4092.0,0.248,0.003,4092.0,10.788,0.087,1.0,0.0063607255051256325,0.3208121827411167,409570632.0,14.0,0.277,0.015,27.0,1.0,5.0,50.0
2026-08-10T06:53:30.369453+00:00,274.548,,0.0,3.0,0.0,10.0,0.0,4131.0,0.248,0.003,4131.0,10.834,0.087,1.0,0.01100659107428692,0.37425742574257426,420108104.0,14.0,0.277,0.015,27.0,1.0,5.0,50.0
2026-08-10T06:53:31.413186+00:00,275.55,,0.0,3.0,0.0,10.0,0.0,4194.0,0.25,0.003,4193.0,10.9,0.087,2.0,0.011679005580744027,0.42744323790720634,428498504.0,14.0,0.277,0.015,27.0,2.0,5.0,50.0
2026-08-10T06:53:32.522538+00:00,276.557,,0.0,3.0,0.0,10.0,0.0,4245.0,0.25,0.003,4245.0,11.007,0.087,1.0,0.012438411826377936,0.7157129881925522,438987208.0,14.0,0.277,0.015,27.0,1.0,5.0,50.0
2026-08-10T06:53:33.385444+00:00,277.561,,0.0,3.0,0.0,10.0,0.0,4284.0,0.253,0.003,4284.0,11.086,0.087,1.0,0.013049722478926253,0.3914027149321267,449477576.0,14.0,0.277,0.015,27.0,1.0,5.0,50.0
2026-08-10T06:53:34.460045+00:00,278.561,,0.0,3.0,0.0,10.0,0.0,4290.0,0.255,0.003,4290.0,11.133,0.087,1.0,0.011154137755640649,0.41306436119116235,457897288.0,14.0,0.277,0.015,27.0,1.0,5.0,50.0
2026-08-10T06:53:35.423482+00:00,279.571,,0.0,3.0,0.0,10.0,0.0,4292.0,0.255,0.003,4292.0,11.139,0.087,1.0,0.0073707050823192555,0.39179487179487177,462091592.0,14.0,0.277,0.015,27.0,1.0,5.0,50.0
2026-08-10T06:53:36.397591+00:00,280.577,,0.0,3.0,0.0,10.0,0.0,4332.0,0.269,0.013,4332.0,11.204,0.087,1.0,0.011241527391135974,0.3558282208588957,472605512.0,14.0,0.277,0.015,27.0,1.0,5.0,50.0
2026-08-10T06:53:37.426554+00:00,281.583,,0.0,3.0,0.0,10.0,0.0,4336.0,0.269,0.013,4336.0,11.234,0.087,1.0,0.008088119019018332,0.44752475247524753,480994120.0,14.0,0.277,0.015,27.0,1.0,5.0,50.0
2026-08-10T06:53:38.426672+00:00,282.593,,0.0,3.0,0.0,10.0,0.0,4343.0,0.271,0.013,4343.0,11.285,0.087,1.0,0.011478284527844003,0.286,489382728.0,14.0,0.277,0.015,27.0,1.0,5.0,50.0
2026-08-10T06:53:39.412401+00:00,283.596,,0.0,3.0,0.0,10.0,0.0,4346.0,0.271,0.013,4346.0,11.29,0.087,1.0,0.004628438072339705,0.42769857433808556,495674184.0,14.0,0.277,0.015,27.0,1.0,5.0,50.0
2026-08-10T06:53:40.450071+00:00,284.606,,0.0,3.0,0.0,10.0,0.0,4384.0,0.271,0.013,4384.0,11.354,0.087,1.0,0.008784289933556243,0.41919686581782567,504070472.0,14.0,0.277,0.015,27.0,1.0,5.0,50.0
2026-08-10T06:53:41.502072+00:00,285.613,,0.0,3.0,0.0,10.0,0.0,4387.0,0.271,0.013,4387.0,11.399,0.087,1.0,0.010565662133721083,0.4727095516569201,510362696.0,14.0,0.277,0.015,27.0,1.0,5.0,50.0
2026-08-10T06:53:42.463000+00:00,286.618,,0.0,3.0,0.0,10.0,0.0,4427.0,0.271,0.013,4427.0,11.471,0.087,1.0,0.02015874601344105,0.42362525458248473,376404520.0,15.0,0.289,0.015,27.0,1.0,5.0,50.0
2026-08-10T06:53:43.463556+00:00,287.628,,0.0,3.0,0.0,10.0,0.0,4452.0,0.271,0.013,4453.0,11.485,0.087,2.0,0.007097286457329229,0.312625250501002,382697512.0,15.0,0.289,0.015,27.0,2.0,5.0,50.0
2026-08-10T06:53:44.448743+00:00,288.636,,0.0,3.0,0.0,10.0,0.0,4507.0,0.272,0.013,4507.0,11.558,0.087,1.0,0.009448470347987983,0.3534218590398366,393186856.0,15.0,0.289,0.015,27.0,1.0,5.0,50.0
2026-08-10T06:53:45.489291+00:00,289.646,,0.0,3.0,0.0,10.0,0.0,4510.0,0.272,0.013,4510.0,11.571,0.087,1.0,0.006176449818279962,0.3155856727976767,399478312.0,15.0,0.289,0.015,27.0,1.0,5.0,50.0
2026-08-10T06:53:46.469130+00:00,290.653,,0.0,3.0,0.0,10.0,0.0,4512.0,0.273,0.013,4512.0,11.587,0.087,1.0,0.005323369529437146,0.34800409416581374,405769768.0,15.0,0.289,0.015,27.0,1.0,5.0,50.0
2026-08-10T06:53:47.483621+00:00,291.655,,0.0,3.0,0.0,10.0,0.0,4621.0,0.274,0.013,4621.0,11.669,0.087,1.0,0.011133288382093494,0.4111776447105788,418365480.0,15.0,0.289,0.015,27.0,1.0,5.0,50.0
2026-08-10T06:53:48.486236+00:00,292.663,,0.0,3.0,0.0,10.0,0.0,4694.0,0.275,0.013,4694.0,11.743,0.087,2.0,0.011210796132450384,0.3093812375249501,428860200.0,15.0,0.289,0.015,27.0,2.0,5.0,50.0
2026-08-10T06:53:49.475351+00:00,293.664,,0.0,3.0,0.0,10.0,0.0,4701.0,0.275,0.013,4701.0,11.783,0.087,1.0,0.00773034047157704,0.29471544715447157,437248808.0,15.0,0.289,0.015,27.0,1.0,5.0,50.0
2026-08-10T06:53:50.511707+00:00,294.669,,0.0,3.0,0.0,10.0,0.0,4704.0,0.276,0.013,4705.0,11.804,0.087,1.0,0.006801636923005073,0.45650048875855326,445637416.0,15.0,0.289,0.015,27.0,1.0,5.0,50.0
2026-08-10T06:53:51.529508+00:00,295.673,,0.0,3.0,0.0,10.0,0.0,4742.0,0.277,0.013,4742.0,11.844,0.087,1.0,0.009173790971324017,0.39960435212660733,451928872.0,15.0,0.289,0.015,27.0,1.0,5.0,50.0
2026-08-10T06:53:52.531295+00:00,296.677,,0.0,3.0,0.0,10.0,0.0,4746.0,0.278,0.013,4746.0,11.903,0.087,1.0,0.010823731107967787,0.39285714285714285,460317480.0,15.0,0.289,0.015,27.0,1.0,5.0,50.0
2026-08-10T06:53:53.524257+00:00,297.685,,0.0,3.0,0.0,10.0,0.0,4790.0,0.279,0.013,4790.0,11.986,0.087,1.0,0.014938694581500992,0.378,472901160.0,15.0,0.289,0.015,27.0,1.0,5.0,50.0
2026-08-10T06:53:54.509098+00:00,298.693,,0.0,3.0,0.0,10.0,0.0,4795.0,0.279,0.013,4795.0,12.007,0.087,1.0,0.00744711794028264,0.31643002028397565,481289768.0,15.0,0.289,0.015,27.0,1.0,5.0,50.0
2026-08-10T06:53:55.520576+00:00,299.696,,0.0,3.0,0.0,10.0,0.0,4797.0,0.279,0.013,4797.0,12.016,0.087,1.0,0.004997699534464932,0.33859822309970383,485484072.0,15.0,0.289,0.015,27.0,1.0,5.0,50.0
2026-08-10T06:53:56.550690+00:00,300.705,,0.0,3.0,0.0,10.0,0.0,4835.0,0.279,0.013,4835.0,12.062,0.087,1.0,0.008686444818838172,0.4268774703557312,493875112.0,15.0,0.289,0.015,27.0,1.0,5.0,50.0
2026-08-10T06:53:57.534554+00:00,301.713,,0.0,3.0,0.0,10.0,0.0,4876.0,0.279,0.013,4876.0,12.129,0.087,1.0,0.01126605051073951,0.37538148524923703,504360872.0,15.0,0.289,0.015,27.0,1.0,5.0,50.0
2026-08-10T06:53:58.556412+00:00,302.715,,0.0,3.0,0.0,10.0,0.0,4881.0,0.279,0.013,4881.0,12.155,0.087,1.0,0.008096418187600365,0.2623762376237624,512757800.0,15.0,0.289,0.015,27.0,1.0,5.0,50.0
2026-08-10T06:53:59.556893+00:00,303.721,,0.0,3.0,0.0,10.0,0.0,4920.0,0.279,0.013,4920.0,12.189,0.087,1.0,0.012684501387049308,0.33733733733733734,374371952.0,16.0,0.297,0.015,27.0,1.0,5.0,50.0
2026-08-10T06:54:00.558372+00:00,304.723,,0.0,3.0,0.0,10.0,0.0,4959.0,0.28,0.013,4959.0,12.239,0.087,1.0,0.009734273726634284,0.3152610441767068,384857712.0,16.0,0.297,0.015,27.0,1.0,5.0,50.0
2026-08-10T06:54:01.628459+00:00,305.727,,0.0,3.0,0.0,10.0,0.0,4964.0,0.281,0.013,4982.0,12.294,0.087,2.0,0.01150108282806092,0.49191246431969554,391171184.0,16.0,0.297,0.015,27.0,2.0,5.0,50.0
2026-08-10T06:54:02.559821+00:00,306.737,,0.0,3.0,0.0,10.0,0.0,5035.0,0.282,0.013,5035.0,12.404,0.087,1.0,0.012661026563452216,0.44930629669156885,401658352.0,16.0,0.297,0.015,27.0,1.0,5.0,50.0
2026-08-10T06:54:03.560883+00:00,307.739,,0.0,3.0,0.0,10.0,0.0,5039.0,0.284,0.013,5039.0,12.44,0.087,1.0,0.006903039088203897,0.316950852557673,407949808.0,16.0,0.297,0.015,27.0,1.0,5.0,50.0
2026-08-10T06:54:04.559481+00:00,308.747,,0.0,3.0,0.0,10.0,0.0,5116.0,0.284,0.013,5116.0,12.535,0.087,1.0,0.012401954255833679,0.3554884189325277,420532720.0,16.0,0.297,0.015,27.0,1.0,5.0,50.0
2026-08-10T06:54:05.584902+00:00,309.756,,0.0,3.0,0.0,10.0,0.0,5119.0,0.285,0.013,5119.0,12.555,0.087,1.0,0.005934426518886233,0.34513274336283184,426836336.0,16.0,0.297,0.015,27.0,1.0,5.0,50.0
2026-08-10T06:54:06.582736+00:00,310.763,,0.0,3.0,0.0,10.0,0.0,5125.0,0.286,0.013,5125.0,12.597,0.087,1.0,0.008419797554490169,0.32864321608040203,435224944.0,16.0,0.297,0.015,27.0,1.0,5.0,50.0
2026-08-10T06:54:07.650682+00:00,311.768,,0.0,3.0,0.0,10.0,0.0,5165.0,0.287,0.013,5165.0,12.707,0.087,1.0,0.0180676742407173,0.4253875968992248,445780464.0,16.0,0.297,0.015,27.0,1.0,5.0,50.0
2026-08-10T06:54:08.610309+00:00,312.777,,0.0,3.0,0.0,10.0,0.0,5165.0,0.287,0.013,5165.0,12.707,0.087,1.0,0.006068857687983993,0.36400817995910023,452071920.0,16.0,0.297,0.015,27.0,1.0,5.0,50.0
2026-08-10T06:54:09.595375+00:00,313.78,,0.0,3.0,0.0,10.0,0.0,5209.0,0.288,0.013,5209.0,12.765,0.087,1.0,0.010376520946054454,0.3136456211812627,462567408.0,16.0,0.297,0.015,27.0,1.0,5.0,50.0
2026-08-10T06:54:10.612201+00:00,314.79,,1.0,2.0,0.0,10.0,0.0,5243.0,0.289,0.013,5243.0,12.801,0.087,2.0,0.007605573393773412,0.2974308300395257,468858864.0,16.0,0.297,0.015,27.0,1.0,5.0,50.0
2026-08-10T06:54:11.613226+00:00,315.798,,0.0,3.0,0.0,10.0,0.0,5252.0,0.289,0.013,5252.0,12.853,0.087,1.0,0.0073935614128106735,0.44221105527638194,479345520.0,16.0,0.297,0.015,27.0,2.0,5.0,50.0
2026-08-10T06:54:12.628270+00:00,316.808,,0.0,3.0,0.0,10.0,0.0,5291.0,0.289,0.013,5291.0,12.889,0.087,1.0,0.007256225755826005,0.4339622641509434,487735024.0,16.0,0.297,0.015,27.0,1.0,5.0,50.0
2026-08-10T06:54:13.627158+00:00,317.808,,0.0,3.0,0.0,10.0,0.0,5295.0,0.289,0.013,5295.0,12.925,0.087,1.0,0.006849094123952495,0.3477822580645161,494027248.0,16.0,0.297,0.015,27.0,1.0,5.0,50.0
2026-08-10T06:54:14.646303+00:00,318.813,,0.0,3.0,0.0,10.0,0.0,5298.0,0.29,0.013,5298.0,12.94,0.087,1.0,0.005914349153921829,0.31746031746031744,500320368.0,16.0,0.297,0.015,27.0,1.0,5.0,50.0
2026-08-10T06:54:15.653083+00:00,319.82,,0.0,3.0,0.0,10.0,0.0,5372.0,0.292,0.013,5372.0,13.013,0.087,1.0,0.011903360675438691,0.3134920634920635,512926960.0,16.0,0.297,0.015,27.0,1.0,5.0,50.0
2026-08-10T06:54:16.653313+00:00,320.827,,0.0,3.0,0.0,10.0,0.0,5378.0,0.294,0.013,5378.0,13.032,0.087,1.0,0.011767721257546123,0.3196803196803197,374439280.0,17.0,0.305,0.015,27.0,1.0,5.0,50.0
2026-08-10T06:54:17.672908+00:00,321.837,,0.0,3.0,0.0,10.0,0.0,5417.0,0.295,0.013,5417.0,13.078,0.087,1.0,0.010323540819357773,0.3120638085742772,382950160.0,17.0,0.305,0.015,27.0,1.0,5.0,50.0
2026-08-10T06:54:18.674844+00:00,322.843,,0.0,3.0,0.0,10.0,0.0,5493.0,0.295,0.013,5493.0,13.194,0.087,1.0,0.01877718617813762,0.36244979919678716,395720136.0,17.0,0.305,0.015,27.0,1.0,5.0,50.0
2026-08-10T06:54:19.672710+00:00,323.851,,0.0,3.0,0.0,10.0,0.0,5530.0,0.295,0.013,5530.0,13.238,0.087,1.0,0.007898723112109879,0.4026104417670683,404108744.0,17.0,0.305,0.015,27.0,1.0,5.0,50.0
2026-08-10T06:54:20.684144+00:00,324.854,,0.0,3.0,0.0,10.0,0.0,5536.0,0.297,0.013,5536.0,13.274,0.087,1.0,0.00892444292869408,0.2951146560319043,412530776.0,17.0,0.305,0.015,27.0,1.0,5.0,50.0
2026-08-10T06:54:21.690990+00:00,325.864,,0.0,3.0,0.0,10.0,0.0,5537.0,0.297,0.013,5537.0,13.275,0.087,1.0,0.003964809721676529,0.453,418824152.0,17.0,0.305,0.015,27.0,1.0,5.0,50.0
2026-08-10T06:54:22.696127+00:00,326.865,,0.0,3.0,0.0,10.0,0.0,5541.0,0.311,0.013,5541.0,13.362,0.087,1.0,0.006951969731402076,0.46292585170340683,425115608.0,17.0,0.305,0.015,27.0,1.0,5.0,50.0
2026-08-10T06:54:23.702200+00:00,327.873,,0.0,3.0,0.0,10.0,0.0,5546.0,0.311,0.013,5546.0,13.411,0.087,1.0,0.010959131598678623,0.4024024024024024,433610360.0,17.0,0.305,0.015,27.0,1.0,5.0,50.0
2026-08-10T06:54:24.704524+00:00,328.875,,0.0,3.0,0.0,10.0,0.0,5585.0,0.311,0.013,5585.0,13.458,0.087,1.0,0.010513501726476507,0.33905146316851664,442061688.0,17.0,0.305,0.015,27.0,1.0,5.0,50.0
2026-08-10T06:54:25.712148+00:00,329.883,,0.0,3.0,0.0,10.0,0.0,5625.0,0.311,0.013,5625.0,13.542,0.087,1.0,0.012145149223861982,0.35777998017839446,452554744.0,17.0,0.305,0.015,27.0,1.0,5.0,50.0
2026-08-10T06:54:26.718076+00:00,330.893,,0.0,3.0,0.0,10.0,0.0,5663.0,0.312,0.013,5663.0,13.572,0.087,1.0,0.007259475998363671,0.3645418326693227,460946424.0,17.0,0.305,0.015,27.0,1.0,5.0,50.0
2026-08-10T06:54:27.740469+00:00,331.901,,0.0,3.0,0.0,10.0,0.0,5668.0,0.314,0.013,5668.0,13.597,0.087,1.0,0.010512392378360921,0.42899702085402186,469691352.0,17.0,0.305,0.015,27.0,1.0,5.0,50.0
2026-08-10T06:54:28.743296+00:00,332.909,,0.0,3.0,0.0,10.0,0.0,5707.0,0.316,0.013,5707.0,13.666,0.087,1.0,0.011154501441440541,0.42799597180261834,478084056.0,17.0,0.305,0.015,27.0,1.0,5.0,50.0
2026-08-10T06:54:29.741493+00:00,333.918,,0.0,3.0,0.0,10.0,0.0,5747.0,0.316,0.013,5747.0,13.721,0.087,1.0,0.010049477351916376,0.294,488569816.0,17.0,0.305,0.015,27.0,1.0,5.0,50.0
2026-08-10T06:54:30.759539+00:00,334.928,,1.0,2.0,0.0,10.0,0.0,5751.0,0.316,0.013,5751.0,13.746,0.087,1.0,0.006405678170025837,0.30149253731343284,494861272.0,17.0,0.305,0.015,27.0,1.0,5.0,50.0
2026-08-10T06:54:31.781792+00:00,335.931,,0.0,3.0,0.0,10.0,0.0,5790.0,0.317,0.013,5790.0,13.811,0.087,1.0,0.010834593250826167,0.499001996007984,503257816.0,17.0,0.305,0.015,27.0,1.0,5.0,50.0
2026-08-10T06:54:32.986057+00:00,336.933,,0.0,3.0,0.0,10.0,0.0,5827.0,0.318,0.013,5827.0,14.026,0.087,1.0,0.015058665738302137,0.9394449116904963,511646424.0,17.0,0.305,0.015,27.0,1.0,5.0,50.0
2026-08-10T06:54:33.783645+00:00,337.937,,0.0,3.0,0.0,10.0,0.0,5832.0,0.32,0.013,5832.0,14.089,0.087,1.0,0.01560325546719682,0.47146401985111663,520035032.0,17.0,0.305,0.015,27.0,1.0,5.0,50.0
2026-08-10T06:54:34.753913+00:00,338.939,,0.0,3.0,0.0,10.0,0.0,5869.0,0.32,0.013,5869.0,14.16,0.087,1.0,0.014865202613479638,0.38351983723296035,379584104.0,18.0,0.313,0.015,27.0,1.0,5.0,50.0
2026-08-10T06:54:35.758450+00:00,339.945,,0.0,3.0,0.0,10.0,0.0,5945.0,0.32,0.013,5945.0,14.226,0.087,1.0,0.00928178378313857,0.32196589769307926,392174696.0,18.0,0.313,0.015,27.0,1.0,5.0,50.0
2026-08-10T06:54:36.774704+00:00,340.955,,0.0,3.0,0.0,10.0,0.0,5952.0,0.321,0.013,5952.0,14.273,0.087,1.0,0.009245105079983901,0.3016815034619189,400580456.0,18.0,0.313,0.015,27.0,1.0,5.0,50.0
2026-08-10T06:54:37.799743+00:00,341.962,,0.0,3.0,0.0,10.0,0.0,5955.0,0.322,0.013,5955.0,14.288,0.087,1.0,0.005459878898391588,0.341,406878824.0,18.0,0.313,0.015,27.0,2.0,5.0,50.0
2026-08-10T06:54:38.789488+00:00,342.972,,0.0,3.0,0.0,10.0,0.0,5959.0,0.322,0.013,5959.0,14.302,0.087,1.0,0.00668416456625717,0.406,415267432.0,18.0,0.313,0.015,27.0,1.0,5.0,50.0
2026-08-10T06:54:39.802183+00:00,343.974,,0.0,3.0,0.0,10.0,0.0,5961.0,0.322,0.013,5961.0,14.319,0.087,1.0,0.005208667537459834,0.29950248756218906,419466472.0,18.0,0.313,0.015,27.0,1.0,5.0,50.0
2026-08-10T06:54:40.814472+00:00,344.976,,0.0,3.0,0.0,10.0,0.0,6003.0,0.323,0.013,6003.0,14.391,0.087,1.0,0.011694936679881791,0.42036290322580644,432051304.0,18.0,0.313,0.015,27.0,1.0,5.0,50.0
2026-08-10T06:54:41.820550+00:00,345.977,,0.0,3.0,0.0,10.0,0.0,6007.0,0.324,0.013,6007.0,14.414,0.087,1.0,0.007499060837930284,0.5139442231075697,438342760.0,18.0,0.313,0.015,27.0,1.0,5.0,50.0
2026-08-10T06:54:42.812351+00:00,346.979,,0.0,3.0,0.0,10.0,0.0,6046.0,0.326,0.013,6046.0,14.469,0.087,1.0,0.010275043527206774,0.33401015228426395,446731368.0,18.0,0.313,0.015,27.0,1.0,5.0,50.0
2026-08-10T06:54:44.432164+00:00,347.983,,0.0,3.0,0.0,10.0,0.0,6122.0,0.328,0.013,6122.0,14.729,0.087,1.0,0.0231372406497373,0.9176470588235294,459314280.0,18.0,0.313,0.015,27.0,2.0,5.0,50.0
2026-08-10T06:54:45.068323+00:00,348.984,,2.0,1.0,0.0,10.0,0.0,6154.0,0.33,0.013,6154.0,15.363,0.262,4.0,0.019930511255675597,0.9923076923076923,469800808.0,18.0,0.313,0.015,27.0,1.0,5.0,50.0
2026-08-10T06:54:45.841263+00:00,349.987,,2.0,1.0,0.0,10.0,0.0,6202.0,0.331,0.013,6202.0,15.567,0.262,1.0,0.016587480274049916,0.5152998776009792,478209256.0,18.0,0.313,0.015,27.0,1.0,5.0,50.0
2026-08-10T06:54:46.840075+00:00,350.988,,0.0,3.0,0.0,10.0,0.0,6228.0,0.331,0.013,6229.0,15.597,0.262,2.0,0.00808111551178019,0.5901309164149043,484500712.0,18.0,0.313,0.015,27.0,1.0,5.0,50.0
2026-08-10T06:54:47.842083+00:00,351.993,,0.0,2.0,0.0,10.0,0.0,6271.0,0.332,0.013,6272.0,15.647,0.262,2.0,0.009022400812336042,0.42264914054600605,492889320.0,18.0,0.313,0.015,27.0,2.0,5.0,50.0
2026-08-10T06:54:48.832454+00:00,352.993,,1.0,3.0,0.0,10.0,0.0,6317.0,0.332,0.013,6317.0,15.746,0.262,1.0,0.013660822200699575,0.4564777327935223,503375080.0,18.0,0.313,0.015,27.0,1.0,5.0,50.0
2026-08-10T06:54:49.855161+00:00,353.998,,0.0,3.0,0.0,10.0,0.0,6320.0,0.333,0.013,6320.0,15.829,0.262,1.0,0.009163253886112995,0.5454545454545454,511763688.0,18.0,0.313,0.015,27.0,1.0,5.0,50.0
2026-08-10T06:54:50.850630+00:00,355.003,,0.0,3.0,0.0,10.0,0.0,6359.0,0.334,0.013,6359.0,15.915,0.262,1.0,0.01273264545652431,0.5240480961923848,520153064.0,18.0,0.313,0.015,27.0,1.0,5.0,50.0
2026-08-10T06:54:51.856457+00:00,356.006,,0.0,3.0,0.0,10.0,0.0,6366.0,0.335,0.013,6366.0,15.953,0.262,1.0,0.01289206635164697,0.5820745216515609,379650432.0,19.0,0.325,0.015,27.0,1.0,5.0,50.0
2026-08-10T06:54:52.856464+00:00,357.008,,0.0,3.0,0.0,10.0,0.0,6368.0,0.337,0.013,6368.0,15.972,0.262,1.0,0.007563259124458998,0.43892750744786496,385941888.0,19.0,0.325,0.015,27.0,1.0,5.0,50.0
2026-08-10T06:54:53.845446+00:00,358.01,,0.0,3.0,0.0,10.0,0.0,6371.0,0.337,0.013,6371.0,15.987,0.262,1.0,0.006227017509655284,0.6846938775510204,392233344.0,19.0,0.325,0.015,27.0,1.0,5.0,50.0
2026-08-10T06:54:54.864938+00:00,359.015,,0.0,3.0,0.0,10.0,0.0,6375.0,0.337,0.013,6375.0,16.03,0.262,1.0,0.008684168297124381,0.4036144578313253,398524800.0,19.0,0.325,0.015,27.0,1.0,5.0,50.0
2026-08-10T06:54:55.861091+00:00,360.02,,0.0,3.0,0.0,10.0,0.0,6415.0,0.338,0.013,6415.0,16.097,0.262,1.0,0.011987455150771018,0.45145145145145144,406913408.0,19.0,0.325,0.015,27.0,1.0,5.0,50.0
2026-08-10T06:54:56.884912+00:00,361.025,,0.0,3.0,0.0,10.0,0.0,6454.0,0.338,0.013,6454.0,16.152,0.262,1.0,0.011428093772264303,0.42941757156959526,417399168.0,19.0,0.325,0.015,27.0,1.0,5.0,50.0
2026-08-10T06:54:57.876305+00:00,362.03,,1.0,2.0,0.0,10.0,0.0,6495.0,0.339,0.013,6495.0,16.226,0.262,1.0,0.013107569962601755,0.40913705583756343,427884928.0,19.0,0.325,0.015,27.0,1.0,5.0,50.0
2026-08-10T06:54:58.904069+00:00,363.03,,0.0,3.0,0.0,10.0,0.0,6535.0,0.342,0.013,6535.0,16.304,0.262,1.0,0.012542239111370944,0.6633858267716536,436273536.0,19.0,0.325,0.015,27.0,1.0,5.0,50.0
2026-08-10T06:54:59.885818+00:00,364.034,,0.0,3.0,0.0,10.0,0.0,6536.0,0.343,0.013,6536.0,16.306,0.262,1.0,0.005988653738399669,0.4684317718940937,442564992.0,19.0,0.325,0.015,27.0,1.0,5.0,50.0
2026-08-10T06:55:00.894106+00:00,365.039,,0.0,3.0,0.0,10.0,0.0,6577.0,0.343,0.013,6577.0,16.379,0.262,1.0,0.012840153759910307,0.4574898785425101,450953600.0,19.0,0.325,0.015,27.0,1.0,5.0,50.0
2026-08-10T06:55:01.875379+00:00,366.04,,0.0,3.0,0.0,10.0,0.0,6616.0,0.343,0.013,6616.0,16.463,0.262,1.0,0.010772803769096511,0.6156982670744139,461439360.0,19.0,0.325,0.015,27.0,1.0,5.0,50.0
2026-08-10T06:55:02.879866+00:00,367.045,,0.0,3.0,0.0,10.0,0.0,6620.0,0.356,0.013,6620.0,16.503,0.262,1.0,0.008817527485565135,0.44666001994017945,467730816.0,19.0,0.325,0.015,27.0,1.0,5.0,50.0
2026-08-10T06:55:03.869477+00:00,368.049,,0.0,3.0,0.0,10.0,0.0,6624.0,0.357,0.013,6624.0,16.523,0.262,1.0,0.005686914478119932,0.500507614213198,474022272.0,19.0,0.325,0.015,27.0,1.0,5.0,50.0
2026-08-10T06:55:04.916863+00:00,369.051,,0.0,3.0,0.0,10.0,0.0,6625.0,0.357,0.013,6625.0,16.525,0.262,1.0,0.005216095380029807,0.48205625606207564,480313728.0,19.0,0.325,0.015,27.0,1.0,5.0,50.0
2026-08-10T06:55:05.886951+00:00,370.056,,0.0,3.0,0.0,10.0,0.0,6700.0,0.357,0.013,6700.0,16.658,0.262,1.0,0.017325285200092928,0.43195876288659796,492898176.0,19.0,0.325,0.015,27.0,1.0,5.0,50.0
2026-08-10T06:55:06.891782+00:00,371.062,,0.0,3.0,0.0,10.0,0.0,6767.0,0.357,0.013,6768.0,16.771,0.262,2.0,0.014910424883041402,0.4303030303030303,505518136.0,19.0,0.325,0.015,27.0,2.0,5.0,50.0
2026-08-10T06:55:07.904281+00:00,372.066,,0.0,3.0,0.0,10.0,0.0,6782.0,0.357,0.013,6782.0,16.795,0.262,1.0,0.00722174216687776,0.3055555555555556,511809592.0,19.0,0.325,0.015,27.0,1.0,5.0,50.0
2026-08-10T06:55:08.970891+00:00,373.071,,1.0,2.0,0.0,10.0,0.0,6787.0,0.359,0.013,6787.0,16.882,0.262,1.0,0.008623170146103048,0.36977186311787075,520198200.0,19.0,0.325,0.015,27.0,1.0,5.0,50.0
2026-08-10T06:55:09.901593+00:00,374.076,,0.0,3.0,0.0,10.0,0.0,6860.0,0.359,0.013,6860.0,16.934,0.262,1.0,0.012299504728550105,0.4833869239013934,377580952.0,20.0,0.329,0.015,27.0,1.0,5.0,50.0
2026-08-10T06:55:10.934786+00:00,375.078,,0.0,3.0,0.0,10.0,0.0,6866.0,0.361,0.013,6866.0,16.99,0.262,1.0,0.011237017257966348,0.4090909090909091,388068376.0,20.0,0.329,0.015,27.0,1.0,5.0,50.0
2026-08-10T06:55:11.909329+00:00,376.082,,0.0,3.0,0.0,10.0,0.0,6867.0,0.362,0.013,6867.0,16.994,0.262,1.0,0.005163211296922868,0.49795918367346936,394359832.0,20.0,0.329,0.015,27.0,1.0,5.0,50.0
2026-08-10T06:55:12.925614+00:00,377.084,,0.0,3.0,0.0,10.0,0.0,6907.0,0.362,0.013,6907.0,17.07,0.262,1.0,0.011993206289353206,0.48997995991983967,402748440.0,20.0,0.329,0.015,27.0,1.0,5.0,50.0
2026-08-10T06:55:13.927187+00:00,378.089,,0.0,3.0,0.0,10.0,0.0,6912.0,0.363,0.013,6912.0,17.118,0.262,1.0,0.010288412064913573,0.600802407221665,411137048.0,20.0,0.329,0.015,27.0,1.0,5.0,50.0
2026-08-10T06:55:14.917295+00:00,379.092,,0.0,3.0,0.0,10.0,0.0,6914.0,0.363,0.013,6914.0,17.135,0.262,1.0,0.005908588311973945,0.4368048533872599,417428504.0,20.0,0.329,0.015,27.0,1.0,5.0,50.0
2026-08-10T06:55:15.941597+00:00,380.093,,0.0,3.0,0.0,10.0,0.0,6955.0,0.365,0.013,6955.0,17.19,0.262,1.0,0.010371589051844638,0.4388059701492537,425817112.0,20.0,0.329,0.015,27.0,1.0,5.0,50.0
2026-08-10T06:55:16.923540+00:00,381.097,,1.0,2.0,0.0,10.0,0.0,7063.0,0.366,0.013,7062.0,17.299,0.262,2.0,0.016475805777865907,0.590030518819939,440497176.0,20.0,0.329,0.015,27.0,1.0,5.0,50.0
2026-08-10T06:55:17.923155+00:00,382.102,,0.0,3.0,0.0,10.0,0.0,7072.0,0.366,0.013,7072.0,17.353,0.262,1.0,0.008879216452654014,0.441,448885784.0,20.0,0.329,0.015,27.0,1.0,5.0,50.0
2026-08-10T06:55:18.928828+00:00,383.104,,0.0,3.0,0.0,10.0,0.0,7110.0,0.366,0.013,7110.0,17.41,0.262,1.0,0.009200073731403632,0.2925851703406814,457274392.0,20.0,0.329,0.015,27.0,1.0,5.0,50.0
2026-08-10T06:55:19.927238+00:00,384.107,,0.0,3.0,0.0,10.0,0.0,7116.0,0.367,0.013,7116.0,17.443,0.262,1.0,0.007411970455487911,0.3554884189325277,465663000.0,20.0,0.329,0.015,27.0,1.0,5.0,50.0
2026-08-10T06:55:20.940419+00:00,385.112,,0.0,3.0,0.0,10.0,0.0,7119.0,0.367,0.013,7119.0,17.466,0.262,1.0,0.006008512514548336,0.28614157527417744,471954456.0,20.0,0.329,0.015,27.0,1.0,5.0,50.0
2026-08-10T06:55:21.934851+00:00,386.117,,0.0,3.0,0.0,10.0,0.0,7157.0,0.369,0.013,7157.0,17.521,0.262,1.0,0.008902418890862246,0.435793731041456,480343064.0,20.0,0.329,0.015,27.0,1.0,5.0,50.0
2026-08-10T06:55:22.935591+00:00,387.122,,0.0,3.0,0.0,10.0,0.0,7198.0,0.37,0.013,7198.0,17.589,0.262,1.0,0.010703465101816268,0.2887323943661972,490833688.0,20.0,0.329,0.015,27.0,1.0,5.0,50.0
2026-08-10T06:55:23.942443+00:00,388.127,,0.0,3.0,0.0,10.0,0.0,7273.0,0.372,0.013,7273.0,17.676,0.262,1.0,0.01096977259790868,0.37425149700598803,503416600.0,20.0,0.329,0.015,27.0,1.0,5.0,50.0
2026-08-10T06:55:24.954467+00:00,389.132,,0.0,3.0,0.0,10.0,0.0,7312.0,0.372,0.013,7312.0,17.706,0.262,1.0,0.007087510020589779,0.2601787487586892,511805208.0,20.0,0.329,0.015,27.0,1.0,5.0,50.0
2026-08-10T06:55:25.956656+00:00,390.138,,0.0,3.0,0.0,10.0,0.0,7319.0,0.372,0.013,7319.0,17.742,0.262,1.0,0.008133517827018216,0.24151696606786427,520193816.0,20.0,0.329,0.015,27.0,1.0,5.0,50.0
2026-08-10T06:55:26.956026+00:00,391.142,,0.0,3.0,0.0,10.0,0.0,7357.0,0.373,0.013,7357.0,17.776,0.262,1.0,0.0073518230603340185,0.3090172239108409,377687160.0,21.0,0.335,0.015,27.0,1.0,5.0,50.0
2026-08-10T06:55:27.961214+00:00,392.144,,0.0,3.0,0.0,10.0,0.0,7363.0,0.373,0.013,7363.0,17.809,0.262,1.0,0.007737448488619123,0.2918326693227092,386075768.0,21.0,0.335,0.015,27.0,1.0,5.0,50.0
2026-08-10T06:55:28.966981+00:00,393.147,,0.0,3.0,0.0,10.0,0.0,7403.0,0.373,0.013,7403.0,17.843,0.262,1.0,0.00668149008182087,0.33266533066132264,396561528.0,21.0,0.335,0.015,27.0,1.0,5.0,50.0
2026-08-10T06:55:29.963985+00:00,394.149,,0.0,3.0,0.0,10.0,0.0,7409.0,0.373,0.013,7409.0,17.924,0.262,1.0,0.010599512783662106,0.4199395770392749,407066104.0,21.0,0.335,0.012,27.0,1.0,5.0,50.0
2026-08-10T06:55:30.969123+00:00,395.153,,0.0,3.0,0.0,10.0,0.0,7414.0,0.373,0.013,7414.0,17.934,0.262,1.0,0.005153888921983281,0.22777222777222778,413360632.0,21.0,0.335,0.012,27.0,1.0,5.0,50.0
2026-08-10T06:55:31.994203+00:00,396.158,,1.0,2.0,0.0,10.0,0.0,7488.0,0.376,0.013,7488.0,18.041,0.262,1.0,0.010643731779573826,0.4499504459861249,423846392.0,21.0,0.335,0.012,27.0,1.0,5.0,50.0
2026-08-10T06:55:32.990337+00:00,397.163,,0.0,3.0,0.0,10.0,0.0,7563.0,0.376,0.013,7563.0,18.1,0.262,1.0,0.009238313699310843,0.46834170854271356,434332152.0,21.0,0.335,0.012,27.0,1.0,5.0,50.0
2026-08-10T06:55:34.012792+00:00,398.166,,0.0,3.0,0.0,10.0,0.0,7607.0,0.376,0.013,7607.0,18.246,0.262,1.0,0.01610618705571987,0.4590325765054294,446915064.0,21.0,0.335,0.012,27.0,1.0,5.0,50.0
2026-08-10T06:55:34.984807+00:00,399.168,,0.0,3.0,0.0,10.0,0.0,7610.0,0.378,0.013,7610.0,18.316,0.262,1.0,0.006920753421108511,0.3268641470888662,453206520.0,21.0,0.335,0.012,27.0,1.0,5.0,50.0
2026-08-10T06:55:35.990685+00:00,400.174,,0.0,3.0,0.0,10.0,0.0,7614.0,0.38,0.013,7614.0,18.331,0.262,1.0,0.005420124119656928,0.2046138415245737,461595128.0,21.0,0.335,0.012,27.0,1.0,5.0,50.0
2026-08-10T06:55:36.991981+00:00,401.179,,0.0,3.0,0.0,10.0,0.0,7620.0,0.381,0.013,7620.0,18.364,0.262,1.0,0.00711810904290587,0.35135135135135137,469983736.0,21.0,0.335,0.012,27.0,1.0,5.0,50.0
2026-08-10T06:55:38.003540+00:00,402.184,,1.0,2.0,0.0,10.0,0.0,7622.0,0.381,0.013,7622.0,18.376,0.262,1.0,0.005263079677371095,0.4,476275192.0,21.0,0.335,0.012,27.0,1.0,5.0,50.0
2026-08-10T06:55:39.002364+00:00,403.184,,0.0,3.0,0.0,10.0,0.0,7698.0,0.381,0.013,7698.0,18.484,0.262,1.0,0.011203713535291206,0.4524291497975709,486760952.0,21.0,0.335,0.012,27.0,1.0,5.0,50.0
2026-08-10T06:55:40.001567+00:00,404.187,,0.0,3.0,0.0,10.0,0.0,7811.0,0.381,0.013,7811.0,18.567,0.262,1.0,0.01103106452645977,0.4452261306532663,501446520.0,21.0,0.335,0.012,27.0,1.0,5.0,50.0
2026-08-10T06:55:41.011515+00:00,405.192,,0.0,3.0,0.0,10.0,0.0,7849.0,0.381,0.013,7849.0,18.61,0.262,1.0,0.007795450360458647,0.2947052947052947,511935608.0,21.0,0.335,0.012,27.0,1.0,5.0,50.0
2026-08-10T06:55:42.021299+00:00,406.197,,0.0,3.0,0.0,10.0,0.0,7894.0,0.383,0.013,7894.0,18.662,0.262,1.0,0.010926882685181208,0.316950852557673,522423800.0,21.0,0.335,0.012,27.0,1.0,5.0,50.0
2026-08-10T06:55:43.023915+00:00,407.202,,0.0,3.0,0.0,10.0,0.0,7934.0,0.383,0.013,7934.0,18.716,0.262,1.0,0.01148205727413158,0.3426294820717131,381913944.0,22.0,0.34,0.012,27.0,1.0,5.0,50.0
2026-08-10T06:55:44.041724+00:00,408.204,,0.0,3.0,0.0,10.0,0.0,7937.0,0.384,0.013,7937.0,18.727,0.262,1.0,0.0052074550544669446,0.3662674650698603,390302552.0,22.0,0.34,0.012,27.0,1.0,5.0,50.0
2026-08-10T06:55:45.027282+00:00,409.209,,0.0,3.0,0.0,10.0,0.0,7977.0,0.385,0.013,7977.0,18.765,0.262,1.0,0.007419494755526706,0.29797979797979796,398691160.0,22.0,0.34,0.012,27.0,1.0,5.0,50.0
2026-08-10T06:55:46.039617+00:00,410.214,,0.0,3.0,0.0,10.0,0.0,8018.0,0.386,0.013,8018.0,18.821,0.262,1.0,0.009293166146692367,0.23529411764705882,409177688.0,22.0,0.34,0.012,27.0,1.0,5.0,50.0
2026-08-10T06:55:47.032071+00:00,411.219,,0.0,3.0,0.0,10.0,0.0,8025.0,0.386,0.013,8025.0,18.876,0.262,1.0,0.009437793040448972,0.3111111111111111,419663448.0,22.0,0.34,0.012,27.0,1.0,5.0,50.0
2026-08-10T06:55:48.040421+00:00,412.224,,0.0,3.0,0.0,10.0,0.0,8063.0,0.386,0.013,8063.0,18.905,0.262,1.0,0.00620313801721744,0.2201195219123506,425974744.0,22.0,0.34,0.012,27.0,1.0,5.0,50.0
2026-08-10T06:55:49.041801+00:00,413.229,,0.0,3.0,0.0,10.0,0.0,8108.0,0.387,0.013,8108.0,18.981,0.262,1.0,0.012485044907685046,0.213,438578904.0,22.0,0.34,0.012,27.0,1.0,5.0,50.0
2026-08-10T06:55:50.036850+00:00,414.23,,0.0,3.0,0.0,10.0,0.0,8148.0,0.389,0.013,8148.0,19.026,0.262,1.0,0.007713167674809085,0.39918946301925023,449068888.0,22.0,0.34,0.012,27.0,1.0,5.0,50.0
2026-08-10T06:55:51.047125+00:00,415.235,,0.0,3.0,0.0,10.0,0.0,8153.0,0.389,0.013,8153.0,19.058,0.262,1.0,0.006727852408246187,0.20079522862823063,457458776.0,22.0,0.34,0.012,27.0,1.0,5.0,50.0
2026-08-10T06:55:52.052900+00:00,416.24,,0.0,3.0,0.0,10.0,0.0,8156.0,0.389,0.013,8156.0,19.075,0.262,1.0,0.004164400861304825,0.282435129740519,463750232.0,22.0,0.34,0.012,27.0,1.0,5.0,50.0
2026-08-10T06:55:53.052695+00:00,417.243,,0.0,3.0,0.0,10.0,0.0,8232.0,0.39,0.013,8232.0,19.146,0.262,1.0,0.0104040032935971,0.23176823176823177,476333144.0,22.0,0.34,0.012,27.0,1.0,5.0,50.0
2026-08-10T06:55:54.057006+00:00,418.247,,0.0,3.0,0.0,10.0,0.0,8240.0,0.391,0.013,8240.0,19.187,0.262,1.0,0.009149361265359904,0.26980942828485455,484777304.0,22.0,0.34,0.012,27.0,1.0,5.0,50.0
2026-08-10T06:55:55.065031+00:00,419.248,,0.0,3.0,0.0,10.0,0.0,8315.0,0.393,0.013,8315.0,19.241,0.262,1.0,0.008177639095635987,0.26719840478564305,497365208.0,22.0,0.34,0.012,27.0,1.0,5.0,50.0
2026-08-10T06:55:56.068119+00:00,420.251,,0.0,3.0,0.0,10.0,0.0,8357.0,0.394,0.013,8357.0,19.28,0.262,1.0,0.00919377722464219,0.2032032032032032,505794904.0,22.0,0.34,0.012,27.0,1.0,5.0,50.0
2026-08-10T06:55:57.062250+00:00,421.255,,0.0,3.0,0.0,10.0,0.0,8468.0,0.394,0.013,8468.0,19.354,0.262,1.0,0.009403966989311915,0.25809716599190285,520491096.0,22.0,0.34,0.012,27.0,1.0,5.0,50.0
2026-08-10T06:55:58.079412+00:00,422.256,,0.0,3.0,0.0,10.0,0.0,8546.0,0.395,0.013,8546.0,19.449,0.262,1.0,0.013761223607015627,0.23658051689860835,386356472.0,23.0,0.342,0.012,27.0,1.0,5.0,50.0
2026-08-10T06:55:59.076997+00:00,423.26,,0.0,3.0,0.0,10.0,0.0,8589.0,0.395,0.013,8589.0,19.501,0.262,1.0,0.009840496972807694,0.25925925925925924,396842232.0,23.0,0.342,0.012,27.0,1.0,5.0,50.0
2026-08-10T06:56:00.079120+00:00,424.265,,0.0,3.0,0.0,10.0,0.0,8594.0,0.395,0.013,8594.0,19.515,0.262,1.0,0.005395163390475848,0.24169184290030213,403133688.0,23.0,0.342,0.012,27.0,1.0,5.0,50.0
2026-08-10T06:56:01.083154+00:00,425.27,,0.0,3.0,0.0,10.0,0.0,8598.0,0.396,0.013,8598.0,19.536,0.262,1.0,0.00638220019707294,0.23383084577114427,411522296.0,23.0,0.342,0.012,27.0,2.0,5.0,50.0
2026-08-10T06:56:02.131440+00:00,426.273,,0.0,3.0,0.0,10.0,0.0,8602.0,0.396,0.013,8602.0,19.572,0.262,1.0,0.006938824346297862,0.2777232580961727,417813752.0,23.0,0.342,0.012,27.0,1.0,5.0,50.0
2026-08-10T06:56:03.086271+00:00,427.273,,0.0,3.0,0.0,10.0,0.0,8646.0,0.396,0.013,8646.0,19.644,0.262,1.0,0.012564804176697697,0.3788501026694045,430396664.0,23.0,0.342,0.012,27.0,1.0,5.0,50.0
2026-08-10T06:56:04.091230+00:00,428.278,,0.0,3.0,0.0,10.0,0.0,8724.0,0.399,0.012,8724.0,19.736,0.262,1.0,0.01145688703984818,0.33266733266733267,445128056.0,23.0,0.342,0.012,27.0,1.0,5.0,50.0
2026-08-10T06:56:05.109601+00:00,429.282,,0.0,3.0,0.0,10.0,0.0,8731.0,0.4,0.012,8730.0,19.761,0.262,2.0,0.009527596706049154,0.47227722772277225,451419512.0,23.0,0.342,0.012,27.0,1.0,5.0,50.0
2026-08-10T06:56:06.106726+00:00,430.283,,0.0,3.0,0.0,10.0,0.0,8808.0,0.402,0.012,8808.0,19.883,0.262,1.0,0.013728805226313376,0.32729103726082576,466099576.0,23.0,0.342,0.012,27.0,1.0,5.0,50.0
2026-08-10T06:56:07.092811+00:00,431.288,,0.0,3.0,0.0,10.0,0.0,8884.0,0.403,0.012,8884.0,19.966,0.262,1.0,0.010196810144177927,0.31536113936927773,476585336.0,23.0,0.342,0.012,27.0,1.0,5.0,50.0
2026-08-10T06:56:08.106578+00:00,432.293,,0.0,3.0,0.0,10.0,0.0,8929.0,0.404,0.012,8929.0,20.039,0.262,1.0,0.011734749910705363,0.3273809523809524,489168248.0,23.0,0.342,0.012,27.0,1.0,5.0,50.0
2026-08-10T06:56:09.111417+00:00,433.296,,0.0,3.0,0.0,10.0,0.0,8968.0,0.404,0.012,8968.0,20.092,0.262,1.0,0.008353810800154527,0.219,499654008.0,23.0,0.342,0.012,27.0,1.0,5.0,50.0
2026-08-10T06:56:10.120921+00:00,434.299,,0.0,3.0,0.0,10.0,0.0,8974.0,0.405,0.012,8974.0,20.117,0.262,1.0,0.00714955701950268,0.2547452547452547,508042616.0,23.0,0.342,0.012,27.0,2.0,5.0,50.0
2026-08-10T06:56:11.112403+00:00,435.302,,0.0,3.0,0.0,10.0,0.0,9017.0,0.405,0.012,9017.0,20.224,0.262,1.0,0.012231174300679482,0.3157894736842105,518528376.0,23.0,0.342,0.012,27.0,1.0,5.0,50.0
2026-08-10T06:56:12.117646+00:00,436.305,,0.0,3.0,0.0,10.0,0.0,9128.0,0.406,0.012,9128.0,20.324,0.262,1.0,0.014417544813629677,0.32193158953722334,382258536.0,24.0,0.353,0.012,27.0,2.0,5.0,50.0
2026-08-10T06:56:13.123058+00:00,437.31,,0.0,3.0,0.0,10.0,0.0,9137.0,0.406,0.012,9136.0,20.354,0.262,2.0,0.007874615532248554,0.22564612326043737,392744296.0,24.0,0.353,0.012,27.0,2.0,5.0,50.0
2026-08-10T06:56:14.136373+00:00,438.315,,0.0,3.0,0.0,10.0,0.0,9178.0,0.406,0.012,9178.0,20.404,0.262,1.0,0.008492631699543611,0.24254473161033796,403230056.0,24.0,0.353,0.012,27.0,1.0,5.0,50.0
2026-08-10T06:56:15.138902+00:00,439.318,,0.0,3.0,0.0,10.0,0.0,9205.0,0.408,0.012,9204.0,20.453,0.262,2.0,0.00918241780614796,0.29759519038076154,413715816.0,24.0,0.353,0.012,27.0,2.0,5.0,50.0
2026-08-10T06:56:16.133760+00:00,440.32,,1.0,2.0,0.0,10.0,0.0,9291.0,0.409,0.012,9292.0,20.533,0.262,2.0,0.01240182516289639,0.21105527638190955,428395880.0,24.0,0.353,0.012,27.0,1.0,5.0,50.0
2026-08-10T06:56:17.136415+00:00,441.323,,0.0,3.0,0.0,10.0,0.0,9304.0,0.41,0.012,9304.0,20.563,0.262,1.0,0.005392091399960535,0.1871871871871872,434687336.0,24.0,0.353,0.012,27.0,1.0,5.0,50.0
2026-08-10T06:56:18.146418+00:00,442.328,,0.0,3.0,0.0,10.0,0.0,9313.0,0.41,0.012,9313.0,20.598,0.262,1.0,0.007980909952324491,0.23353293413173654,445173096.0,24.0,0.353,0.012,27.0,1.0,5.0,50.0
2026-08-10T06:56:19.152641+00:00,443.333,,0.0,3.0,0.0,10.0,0.0,9353.0,0.411,0.012,9353.0,20.638,0.262,1.0,0.00796218748292426,0.20278330019880716,453561704.0,24.0,0.353,0.012,27.0,1.0,5.0,50.0
2026-08-10T06:56:20.156523+00:00,444.333,,0.0,3.0,0.0,10.0,0.0,9432.0,0.418,0.012,9432.0,20.768,0.262,1.0,0.016804502573069997,0.3121852970795569,470352776.0,24.0,0.353,0.012,28.0,1.0,5.0,50.0
2026-08-10T06:56:21.168243+00:00,445.338,,0.0,3.0,0.0,10.0,0.0,9472.0,0.418,0.012,9472.0,20.811,0.262,1.0,0.008856508260970716,0.346,480838536.0,24.0,0.353,0.012,28.0,1.0,5.0,50.0
2026-08-10T06:56:22.163360+00:00,446.342,,0.0,3.0,0.0,10.0,0.0,9512.0,0.42,0.012,9512.0,20.85,0.262,1.0,0.008484274728135902,0.25725725725725723,489228296.0,24.0,0.353,0.012,28.0,1.0,5.0,50.0
2026-08-10T06:56:23.156495+00:00,447.344,,0.0,3.0,0.0,10.0,0.0,9554.0,0.42,0.012,9554.0,20.891,0.262,1.0,0.008453340275592965,0.23154701718907988,497616904.0,24.0,0.353,0.012,28.0,1.0,5.0,50.0
2026-08-10T06:56:24.166805+00:00,448.35,,0.0,3.0,0.0,10.0,0.0,9556.0,0.42,0.012,9556.0,20.922,0.262,1.0,0.0049322600191800195,0.2648809523809524,506005512.0,24.0,0.353,0.012,28.0,1.0,5.0,50.0
2026-08-10T06:56:25.169419+00:00,449.35,,0.0,3.0,0.0,10.0,0.0,9633.0,0.42,0.012,9633.0,21.122,0.262,1.0,0.01718953662182362,0.34507042253521125,518588424.0,24.0,0.353,0.012,27.0,1.0,5.0,50.0
2026-08-10T06:56:26.165472+00:00,450.353,,0.0,3.0,0.0,10.0,0.0,9641.0,0.42,0.012,9641.0,21.162,0.262,1.0,0.013047947918933746,0.2422110552763819,378013472.0,25.0,0.364,0.012,27.0,1.0,5.0,50.0
2026-08-10T06:56:27.169436+00:00,451.358,,0.0,3.0,0.0,10.0,0.0,9719.0,0.42,0.012,9719.0,21.23,0.262,1.0,0.009567345490852962,0.2745490981963928,390596384.0,25.0,0.364,0.012,27.0,1.0,5.0,50.0
2026-08-10T06:56:28.203932+00:00,452.363,,0.0,3.0,0.0,10.0,0.0,9758.0,0.42,0.012,9758.0,21.273,0.262,1.0,0.00790122683535979,0.3257874015748031,401082144.0,25.0,0.364,0.012,27.0,1.0,5.0,50.0
2026-08-10T06:56:29.186170+00:00,453.368,,0.0,3.0,0.0,10.0,0.0,9766.0,0.422,0.012,9766.0,21.32,0.262,1.0,0.009991038526299715,0.26214574898785425,409471648.0,25.0,0.364,0.012,27.0,1.0,5.0,50.0
2026-08-10T06:56:30.185971+00:00,454.372,,0.0,3.0,0.0,10.0,0.0,9843.0,0.422,0.012,9843.0,21.399,0.262,1.0,0.010886934299052246,0.25829145728643216,422054560.0,25.0,0.364,0.012,27.0,1.0,5.0,50.0
2026-08-10T06:56:31.202034+00:00,455.376,,0.0,3.0,0.0,10.0,0.0,9849.0,0.423,0.012,9849.0,21.438,0.262,1.0,0.008289409835516959,0.2943508424182359,432540320.0,25.0,0.364,0.012,27.0,1.0,5.0,50.0
2026-08-10T06:56:32.215516+00:00,456.381,,0.0,3.0,0.0,10.0,0.0,9927.0,0.425,0.012,9927.0,21.582,0.262,1.0,0.016181502524939908,0.5239520958083832,443028896.0,25.0,0.364,0.012,27.0,1.0,5.0,50.0
2026-08-10T06:56:33.208165+00:00,457.386,,0.0,3.0,0.0,10.0,0.0,9932.0,0.425,0.012,9932.0,21.61,0.262,1.0,0.007246666038216458,0.32225579053373615,451417504.0,25.0,0.364,0.012,27.0,1.0,5.0,50.0
2026-08-10T06:56:34.204695+00:00,458.39,,0.0,3.0,0.0,10.0,0.0,10047.0,0.427,0.012,10047.0,21.725,0.262,1.0,0.01384228600321636,0.28931451612903225,468194720.0,25.0,0.364,0.012,27.0,2.0,5.0,50.0
2026-08-10T06:56:35.217673+00:00,459.395,,0.0,3.0,0.0,10.0,0.0,10088.0,0.428,0.012,10088.0,21.904,0.262,1.0,0.012821560466673855,0.3691542288557214,478680480.0,25.0,0.364,0.012,27.0,1.0,5.0,50.0
2026-08-10T06:56:36.221566+00:00,460.397,,0.0,3.0,0.0,10.0,0.0,10116.0,0.428,0.012,10118.0,21.956,0.262,2.0,0.010173386066856104,0.24724724724724725,489166240.0,25.0,0.364,0.012,27.0,2.0,5.0,50.0
2026-08-10T06:56:37.219006+00:00,461.402,,0.0,3.0,0.0,10.0,0.0,10207.0,0.439,0.012,10207.0,22.038,0.262,1.0,0.010783910660572795,0.2923387096774194,501749920.0,25.0,0.364,0.012,27.0,1.0,5.0,50.0
2026-08-10T06:56:38.227645+00:00,462.406,,0.0,3.0,0.0,10.0,0.0,10209.0,0.439,0.012,10209.0,22.048,0.262,1.0,0.0045660194396163235,0.25671641791044775,508041376.0,25.0,0.364,0.012,27.0,1.0,5.0,50.0
2026-08-10T06:56:39.230781+00:00,463.409,,0.0,3.0,0.0,10.0,0.0,10251.0,0.441,0.012,10251.0,22.109,0.262,1.0,0.009969896402929366,0.3059177532597793,520624288.0,25.0,0.364,0.012,27.0,1.0,5.0,50.0
2026-08-10T06:56:40.230534+00:00,464.409,,0.0,3.0,0.0,10.0,0.0,10294.0,0.443,0.012,10294.0,22.173,0.262,1.0,0.013360628024639243,0.26337033299697277,382230024.0,26.0,0.367,0.012,27.0,1.0,5.0,50.0
2026-08-10T06:56:41.231324+00:00,465.414,,0.0,3.0,0.0,10.0,0.0,10336.0,0.443,0.012,10336.0,22.268,0.262,1.0,0.011014748566722372,0.3132530120481928,392715784.0,26.0,0.367,0.012,27.0,1.0,5.0,50.0
2026-08-10T06:56:42.238571+00:00,466.416,,0.0,3.0,0.0,10.0,0.0,10341.0,0.443,0.012,10341.0,22.28,0.262,1.0,0.005283061612203207,0.4075924075924076,399007240.0,26.0,0.367,0.012,27.0,1.0,5.0,50.0
2026-08-10T06:56:43.238068+00:00,467.422,,0.0,3.0,0.0,10.0,0.0,10347.0,0.444,0.012,10347.0,22.31,0.262,1.0,0.006816424165033003,0.4118831822759315,407395848.0,26.0,0.367,0.012,27.0,1.0,5.0,50.0
2026-08-10T06:56:44.249128+00:00,468.426,,0.0,3.0,0.0,10.0,0.0,10423.0,0.445,0.012,10423.0,22.373,0.262,1.0,0.009500685614435915,0.33766233766233766,417882504.0,26.0,0.367,0.012,27.0,1.0,5.0,50.0
2026-08-10T06:56:45.250015+00:00,469.432,,0.0,3.0,0.0,10.0,0.0,10467.0,0.446,0.012,10467.0,22.446,0.262,1.0,0.011763490320946198,0.2807192807192807,432564104.0,26.0,0.367,0.012,27.0,1.0,5.0,50.0
2026-08-10T06:56:46.251377+00:00,470.437,,0.0,3.0,0.0,10.0,0.0,10506.0,0.446,0.012,10506.0,22.482,0.262,1.0,0.007672007727775178,0.2072072072072072,440952712.0,26.0,0.367,0.012,27.0,1.0,5.0,50.0
2026-08-10T06:56:47.254876+00:00,471.442,,0.0,3.0,0.0,10.0,0.0,10549.0,0.447,0.012,10549.0,22.543,0.262,1.0,0.009608152831670247,0.29158316633266534,453536776.0,26.0,0.367,0.012,27.0,1.0,5.0,50.0
2026-08-10T06:56:48.261450+00:00,472.445,,0.0,3.0,0.0,10.0,0.0,10554.0,0.447,0.012,10554.0,22.57,0.262,1.0,0.005637029837129921,0.459,459828232.0,26.0,0.367,0.012,27.0,1.0,5.0,50.0
2026-08-10T06:56:49.270556+00:00,473.45,,0.0,3.0,0.0,10.0,0.0,10599.0,0.448,0.012,10599.0,22.599,0.262,1.0,0.00720352374375979,0.37886340977068794,470315272.0,26.0,0.367,0.012,27.0,1.0,5.0,50.0
2026-08-10T06:56:50.269466+00:00,474.454,,0.0,3.0,0.0,10.0,0.0,10675.0,0.448,0.012,10675.0,22.71,0.262,1.0,0.01473430048330826,0.3806646525679758,482929928.0,26.0,0.367,0.012,27.0,1.0,5.0,50.0
2026-08-10T06:56:51.329837+00:00,475.456,,0.0,3.0,0.0,10.0,0.0,10680.0,0.451,0.012,10680.0,22.742,0.262,1.0,0.00824038719349302,0.3388671875,491318536.0,26.0,0.367,0.012,27.0,1.0,5.0,50.0
2026-08-10T06:56:52.293089+00:00,476.461,,1.0,2.0,0.0,10.0,0.0,10752.0,0.452,0.012,10752.0,22.842,0.262,2.0,0.018989238265363084,0.4048582995951417,504143496.0,26.0,0.367,0.012,27.0,1.0,5.0,50.0
2026-08-10T06:56:53.285445+00:00,477.466,,0.0,3.0,0.0,10.0,0.0,10797.0,0.452,0.012,10797.0,22.913,0.262,1.0,0.010803075595767873,0.3037716615698267,514660616.0,26.0,0.367,0.012,27.0,1.0,5.0,50.0
2026-08-10T06:56:54.296104+00:00,478.47,,0.0,3.0,0.0,10.0,0.0,10836.0,0.452,0.012,10836.0,22.961,0.262,1.0,0.008137570044089885,0.35470941883767537,523049224.0,26.0,0.367,0.012,27.0,1.0,5.0,50.0
2026-08-10T06:56:55.294479+00:00,479.475,,0.0,3.0,0.0,10.0,0.0,10877.0,0.453,0.012,10877.0,23.016,0.262,1.0,0.013626542782409807,0.3592039800995025,384640488.0,27.0,0.375,0.012,27.0,1.0,5.0,50.0
2026-08-10T06:56:56.302026+00:00,480.48,,0.0,3.0,0.0,10.0,0.0,10918.0,0.454,0.012,10918.0,23.096,0.262,1.0,0.011227796775042062,0.24175824175824176,397223400.0,27.0,0.375,0.012,27.0,1.0,5.0,50.0
2026-08-10T06:56:57.308096+00:00,481.485,,0.0,3.0,0.0,10.0,0.0,10959.0,0.455,0.012,10959.0,23.136,0.262,1.0,0.007961433328363401,0.312625250501002,405639400.0,27.0,0.375,0.012,27.0,1.0,5.0,50.0
2026-08-10T06:56:58.309762+00:00,482.49,,0.0,3.0,0.0,10.0,0.0,11038.0,0.455,0.012,11037.0,23.205,0.262,2.0,0.012187921668251079,0.28772635814889336,418228584.0,27.0,0.375,0.012,27.0,1.0,5.0,50.0
2026-08-10T06:56:59.315350+00:00,483.494,,0.0,3.0,0.0,10.0,0.0,11080.0,0.456,0.012,11080.0,23.282,0.262,1.0,0.010583330522882689,0.306,428720744.0,27.0,0.375,0.012,27.0,1.0,5.0,50.0
2026-08-10T06:57:00.310991+00:00,484.499,,0.0,3.0,0.0,10.0,0.0,11120.0,0.457,0.012,11120.0,23.338,0.262,1.0,0.01031057108433252,0.25553319919517103,439331432.0,27.0,0.375,0.012,27.0,1.0,5.0,50.0
2026-08-10T06:57:01.323365+00:00,485.499,,0.0,3.0,0.0,10.0,0.0,11160.0,0.46,0.012,11160.0,23.393,0.262,1.0,0.007810642507798974,0.2995991983967936,449819112.0,27.0,0.375,0.012,27.0,1.0,5.0,50.0
2026-08-10T06:57:02.328391+00:00,486.504,,0.0,3.0,0.0,10.0,0.0,11168.0,0.462,0.012,11168.0,23.448,0.262,2.0,0.011614939682000903,0.3097609561752988,460307048.0,27.0,0.375,0.012,27.0,1.0,5.0,50.0
2026-08-10T06:57:03.336995+00:00,487.509,,0.0,3.0,0.0,10.0,0.0,11173.0,0.463,0.012,11173.0,23.473,0.262,1.0,0.006013688623833014,0.3185929648241206,466599400.0,27.0,0.375,0.012,27.0,1.0,5.0,50.0
2026-08-10T06:57:04.323480+00:00,488.512,,0.0,3.0,0.0,10.0,0.0,11177.0,0.465,0.01,11177.0,23.48,0.068,1.0,0.00546018724313298,0.3487437185929648,472890856.0,27.0,0.375,0.012,27.0,1.0,5.0,50.0
2026-08-10T06:57:05.333569+00:00,489.517,,1.0,2.0,0.0,10.0,0.0,11256.0,0.466,0.01,11256.0,23.575,0.068,1.0,0.011692465672635939,0.39478957915831664,487573736.0,27.0,0.375,0.012,27.0,1.0,5.0,50.0
2026-08-10T06:57:06.339091+00:00,490.522,,0.0,3.0,0.0,10.0,0.0,11295.0,0.467,0.01,11295.0,23.627,0.068,1.0,0.008249589236198137,0.21215139442231076,498059496.0,27.0,0.375,0.012,27.0,1.0,5.0,50.0
2026-08-10T06:57:07.336816+00:00,491.524,,0.0,3.0,0.0,10.0,0.0,11338.0,0.468,0.01,11338.0,23.683,0.068,1.0,0.008406534528610366,0.23154701718907988,508545256.0,27.0,0.375,0.012,27.0,1.0,5.0,50.0
2026-08-10T06:57:08.341743+00:00,492.529,,0.0,3.0,0.0,10.0,0.0,11379.0,0.468,0.01,11379.0,23.718,0.068,1.0,0.008076334664520872,0.22310756972111553,519071848.0,27.0,0.375,0.012,27.0,1.0,5.0,50.0
2026-08-10T06:57:09.360063+00:00,493.531,,0.0,3.0,0.0,10.0,0.0,11386.0,0.47,0.01,11386.0,23.757,0.068,1.0,0.010646000076854333,0.26778656126482214,376476296.0,28.0,0.382,0.012,27.0,1.0,5.0,50.0
2026-08-10T06:57:10.346346+00:00,494.534,,0.0,3.0,0.0,10.0,0.0,11388.0,0.471,0.01,11388.0,23.767,0.068,1.0,0.004337022654897994,0.27079107505070993,382767752.0,28.0,0.382,0.012,27.0,1.0,5.0,50.0
2026-08-10T06:57:11.375414+00:00,495.539,,0.0,3.0,0.0,10.0,0.0,11429.0,0.472,0.01,11429.0,23.83,0.068,1.0,0.010715150659438387,0.31849653808110784,395395080.0,28.0,0.382,0.012,27.0,1.0,5.0,50.0
2026-08-10T06:57:12.362088+00:00,496.544,,0.0,3.0,0.0,10.0,0.0,11576.0,0.473,0.01,11576.0,23.945,0.068,1.0,0.013929098521128882,0.33131923464249746,410076296.0,28.0,0.382,0.012,27.0,1.0,5.0,50.0
2026-08-10T06:57:13.367549+00:00,497.549,,0.0,3.0,0.0,10.0,0.0,11619.0,0.473,0.01,11619.0,24.002,0.068,1.0,0.00893325156413555,0.26152304609218435,420564416.0,28.0,0.382,0.012,27.0,1.0,5.0,50.0
2026-08-10T06:57:14.373349+00:00,498.55,,0.0,3.0,0.0,10.0,0.0,11626.0,0.474,0.01,11626.0,24.043,0.068,1.0,0.00894891819229292,0.26173826173826176,431059520.0,28.0,0.382,0.012,27.0,1.0,5.0,50.0
2026-08-10T06:57:15.372749+00:00,499.553,,0.0,3.0,0.0,10.0,0.0,11700.0,0.475,0.01,11700.0,24.111,0.068,1.0,0.00938696147384892,0.35376884422110555,439448128.0,28.0,0.382,0.012,27.0,1.0,5.0,50.0
2026-08-10T06:57:16.372074+00:00,500.558,,0.0,3.0,0.0,10.0,0.0,11706.0,0.476,0.01,11706.0,24.148,0.068,1.0,0.007547496217602125,0.2542885973763875,447839040.0,28.0,0.382,0.012,27.0,1.0,5.0,50.0
2026-08-10T06:57:17.381299+00:00,501.563,,0.0,3.0,0.0,10.0,0.0,11784.0,0.476,0.01,11784.0,24.244,0.068,1.0,0.012002446146675784,0.28897715988083417,462523840.0,28.0,0.382,0.012,27.0,1.0,5.0,50.0
2026-08-10T06:57:18.388348+00:00,502.566,,0.0,3.0,0.0,10.0,0.0,11789.0,0.477,0.01,11789.0,24.288,0.068,1.0,0.008313945286966266,0.228,470914880.0,28.0,0.382,0.012,27.0,1.0,5.0,50.0
2026-08-10T06:57:19.390645+00:00,503.571,,0.0,3.0,0.0,10.0,0.0,11833.0,0.478,0.01,11833.0,24.335,0.068,1.0,0.008780374372751988,0.242,481403968.0,28.0,0.382,0.012,27.0,1.0,5.0,50.0
2026-08-10T06:57:20.789044+00:00,504.574,,1.0,2.0,0.0,10.0,0.0,11843.0,0.506,0.025,11842.0,24.633,0.257,2.0,0.01288070094313845,0.5346385542168675,491902784.0,28.0,0.382,0.012,27.0,2.0,5.0,50.0
2026-08-10T06:57:21.448481+00:00,505.578,,1.0,2.0,0.0,10.0,0.0,11846.0,0.506,0.025,11846.0,24.743,0.257,1.0,0.01512769911618902,0.8350217076700435,498196672.0,28.0,0.382,0.012,27.0,1.0,5.0,50.0
2026-08-10T06:57:22.415445+00:00,506.583,,0.0,3.0,0.0,10.0,0.0,11850.0,0.509,0.025,11850.0,24.802,0.257,1.0,0.01006986552980771,0.5117707267144319,506585280.0,28.0,0.382,0.012,27.0,2.0,5.0,50.0
2026-08-10T06:57:23.404480+00:00,507.588,,0.0,3.0,0.0,10.0,0.0,11893.0,0.509,0.025,11893.0,24.874,0.257,1.0,0.011594877624675537,0.3104145601617796,517071040.0,28.0,0.382,0.012,27.0,1.0,5.0,50.0
2026-08-10T06:57:24.420930+00:00,508.594,,0.0,3.0,0.0,10.0,0.0,11968.0,0.511,0.025,11968.0,24.936,0.257,1.0,0.01242166653885556,0.3287128712871287,378742880.0,29.0,0.386,0.012,27.0,1.0,5.0,50.0
2026-08-10T06:57:25.420616+00:00,509.598,,0.0,3.0,0.0,10.0,0.0,12009.0,0.511,0.025,12009.0,24.997,0.257,1.0,0.008937541522246906,0.34236947791164657,389228640.0,29.0,0.386,0.012,27.0,1.0,5.0,50.0
2026-08-10T06:57:26.412772+00:00,510.601,,0.0,3.0,0.0,10.0,0.0,12119.0,0.512,0.025,12119.0,25.07,0.257,1.0,0.009850541154503182,0.21356275303643724,403908704.0,29.0,0.386,0.012,27.0,1.0,5.0,50.0
2026-08-10T06:57:27.430233+00:00,511.606,,0.0,3.0,0.0,10.0,0.0,12197.0,0.512,0.025,12197.0,25.155,0.257,1.0,0.011592905793826368,0.4075924075924076,416491616.0,29.0,0.386,0.012,27.0,1.0,5.0,50.0
2026-08-10T06:57:28.428465+00:00,512.611,,0.0,3.0,0.0,10.0,0.0,12238.0,0.512,0.025,12238.0,25.209,0.257,1.0,0.007898631998135357,0.5534274193548387,426977376.0,29.0,0.386,0.012,27.0,1.0,5.0,50.0
2026-08-10T06:57:29.437485+00:00,513.614,,0.0,3.0,0.0,10.0,0.0,12244.0,0.514,0.025,12244.0,25.247,0.257,1.0,0.00796171556308952,0.3990049751243781,435365984.0,29.0,0.386,0.011,27.0,1.0,5.0,50.0
2026-08-10T06:57:30.437517+00:00,514.617,,0.0,3.0,0.0,10.0,0.0,12289.0,0.515,0.025,12289.0,25.298,0.257,1.0,0.009256562987002554,0.3890577507598784,445851744.0,29.0,0.386,0.011,27.0,1.0,5.0,50.0
2026-08-10T06:57:31.441181+00:00,515.62,,0.0,3.0,0.0,10.0,0.0,12293.0,0.52,0.025,12293.0,25.322,0.257,1.0,0.00638856791995239,0.392,454240352.0,29.0,0.386,0.011,27.0,1.0,5.0,50.0
2026-08-10T06:57:32.455936+00:00,516.624,,0.0,3.0,0.0,10.0,0.0,12404.0,0.52,0.025,12404.0,25.7,0.257,1.0,0.013242990960792326,0.6456456456456456,466823264.0,29.0,0.386,0.011,27.0,1.0,5.0,50.0
2026-08-10T06:57:33.446417+00:00,517.63,,0.0,3.0,0.0,10.0,0.0,12412.0,0.523,0.025,12412.0,25.775,0.257,1.0,0.012029379804081372,0.263,479406176.0,29.0,0.386,0.011,27.0,2.0,5.0,50.0
2026-08-10T06:57:34.453432+00:00,518.635,,0.0,3.0,0.0,10.0,0.0,12418.0,0.523,0.025,12418.0,25.807,0.257,1.0,0.00740452166041691,0.285,487794784.0,29.0,0.386,0.011,27.0,1.0,5.0,50.0
2026-08-10T06:57:35.458197+00:00,519.64,,0.0,3.0,0.0,10.0,0.0,12458.0,0.523,0.025,12458.0,25.848,0.257,1.0,0.007540863513575385,0.3339980059820538,496183392.0,29.0,0.386,0.011,27.0,1.0,5.0,50.0
2026-08-10T06:57:36.456250+00:00,520.641,,0.0,3.0,0.0,10.0,0.0,12464.0,0.523,0.025,12464.0,25.866,0.257,1.0,0.0063310437023774155,0.2966700302724521,504572000.0,29.0,0.386,0.011,27.0,1.0,5.0,50.0
2026-08-10T06:57:37.460703+00:00,521.643,,0.0,3.0,0.0,10.0,0.0,12471.0,0.523,0.025,12471.0,25.928,0.257,1.0,0.009592031804351912,0.2857142857142857,515057760.0,29.0,0.386,0.011,27.0,1.0,5.0,50.0
2026-08-10T06:57:38.466109+00:00,522.648,,0.0,3.0,0.0,10.0,0.0,12547.0,0.525,0.025,12547.0,26.005,0.257,1.0,0.013456032963605334,0.31106679960119643,376565600.0,30.0,0.389,0.011,27.0,2.0,5.0,50.0
2026-08-10T06:57:39.466359+00:00,523.653,,0.0,3.0,0.0,10.0,0.0,12624.0,0.525,0.025,12624.0,26.073,0.257,1.0,0.009642532593145767,0.29797979797979796,387051360.0,30.0,0.389,0.011,27.0,1.0,5.0,50.0
2026-08-10T06:57:40.476384+00:00,524.657,,0.0,3.0,0.0,10.0,0.0,12699.0,0.527,0.025,12699.0,26.13,0.257,1.0,0.008250807741229353,0.38591269841269843,399634272.0,30.0,0.389,0.011,27.0,1.0,5.0,50.0
2026-08-10T06:57:41.483793+00:00,525.659,,0.0,2.0,0.0,10.0,0.0,12732.0,0.528,0.025,12731.0,26.188,0.257,2.0,0.010685872895284344,0.39421157684630737,410120032.0,30.0,0.389,0.011,27.0,2.0,5.0,50.0
2026-08-10T06:57:42.486896+00:00,526.664,,0.0,3.0,0.0,10.0,0.0,12784.0,0.528,0.025,12784.0,26.256,0.257,1.0,0.009237627283336589,0.29204431017119836,420605792.0,30.0,0.389,0.011,27.0,1.0,5.0,50.0
2026-08-10T06:57:43.492981+00:00,527.669,,0.0,3.0,0.0,10.0,0.0,12791.0,0.528,0.025,12790.0,26.277,0.257,2.0,0.008982689007722424,0.29253731343283584,428994400.0,30.0,0.389,0.011,27.0,1.0,5.0,50.0
2026-08-10T06:57:44.506293+00:00,528.674,,0.0,3.0,0.0,10.0,0.0,12831.0,0.528,0.025,12831.0,26.373,0.257,1.0,0.012309859350802482,0.3207171314741036,441577312.0,30.0,0.389,0.011,27.0,1.0,5.0,50.0
2026-08-10T06:57:45.497935+00:00,529.679,,0.0,3.0,0.0,10.0,0.0,12870.0,0.529,0.025,12870.0,26.419,0.257,1.0,0.007305893096018135,0.3633603238866397,449965920.0,30.0,0.389,0.011,27.0,1.0,5.0,50.0
2026-08-10T06:57:46.501323+00:00,530.684,,0.0,3.0,0.0,10.0,0.0,12988.0,0.529,0.025,12988.0,26.549,0.257,1.0,0.01590121558756054,0.268,466743136.0,30.0,0.389,0.011,27.0,1.0,5.0,50.0
2026-08-10T06:57:47.499431+00:00,531.685,,0.0,3.0,0.0,10.0,0.0,13027.0,0.53,0.025,13027.0,26.585,0.257,1.0,0.005975240742878076,0.25705645161290325,477228896.0,30.0,0.389,0.011,27.0,1.0,5.0,50.0
2026-08-10T06:57:48.498482+00:00,532.688,,0.0,3.0,0.0,10.0,0.0,13036.0,0.531,0.025,13036.0,26.634,0.257,1.0,0.0090363942714404,0.24824824824824826,487714656.0,30.0,0.389,0.011,27.0,1.0,5.0,50.0
2026-08-10T06:57:49.503819+00:00,533.691,,0.0,3.0,0.0,10.0,0.0,13077.0,0.531,0.025,13077.0,26.675,0.257,1.0,0.007945218838064608,0.23671013039117353,496103264.0,30.0,0.389,0.011,27.0,1.0,5.0,50.0
2026-08-10T06:57:50.514807+00:00,534.696,,0.0,3.0,0.0,10.0,0.0,13080.0,0.531,0.025,13080.0,26.697,0.257,1.0,0.005538300329411951,0.22673267326732674,502394720.0,30.0,0.389,0.011,27.0,1.0,5.0,50.0
2026-08-10T06:57:51.519203+00:00,535.697,,0.0,3.0,0.0,10.0,0.0,13127.0,0.531,0.025,13126.0,26.814,0.257,2.0,0.013968042848824688,0.4475806451612903,517074784.0,30.0,0.389,0.011,27.0,1.0,5.0,50.0
2026-08-10T06:57:52.535337+00:00,536.7,,0.0,3.0,0.0,10.0,0.0,13131.0,0.532,0.025,13131.0,26.85,0.257,1.0,0.007129608184519055,0.27364185110663986,374480960.0,31.0,0.4,0.011,27.0,1.0,5.0,50.0
2026-08-10T06:57:53.575799+00:00,537.704,,0.0,3.0,0.0,10.0,0.0,13206.0,0.533,0.025,13206.0,26.947,0.257,1.0,0.015926363333992125,0.6019230769230769,384966720.0,31.0,0.4,0.011,27.0,2.0,5.0,50.0
2026-08-10T06:57:54.526039+00:00,538.708,,0.0,3.0,0.0,10.0,0.0,13287.0,0.534,0.025,13287.0,27.049,0.257,1.0,0.01695452401082265,0.4369134515119917,399646784.0,31.0,0.4,0.011,27.0,2.0,5.0,50.0
2026-08-10T06:57:55.521735+00:00,539.712,,0.0,3.0,0.0,10.0,0.0,13363.0,0.534,0.025,13363.0,27.146,0.257,1.0,0.01163396282015173,0.3879396984924623,412229696.0,31.0,0.4,0.011,27.0,1.0,5.0,50.0
2026-08-10T06:57:56.535227+00:00,540.717,,1.0,2.0,0.0,10.0,0.0,13404.0,0.536,0.025,13404.0,27.202,0.257,1.0,0.009235857673252646,0.22564612326043737,424812608.0,31.0,0.4,0.011,27.0,1.0,5.0,50.0
2026-08-10T06:57:57.540539+00:00,541.722,,0.0,3.0,0.0,10.0,0.0,13445.0,0.536,0.025,13445.0,27.254,0.257,1.0,0.009211908722610018,0.29429429429429427,433201216.0,31.0,0.4,0.011,27.0,1.0,5.0,50.0
2026-08-10T06:57:58.545129+00:00,542.727,,0.0,3.0,0.0,10.0,0.0,13451.0,0.538,0.025,13451.0,27.292,0.257,1.0,0.0076063923978853835,0.26173826173826176,443686976.0,31.0,0.4,0.011,27.0,1.0,5.0,50.0
2026-08-10T06:57:59.542994+00:00,543.729,,0.0,3.0,0.0,10.0,0.0,13453.0,0.538,0.025,13453.0,27.298,0.257,1.0,0.0032805479693419084,0.3333333333333333,447881280.0,31.0,0.4,0.011,27.0,1.0,5.0,50.0
2026-08-10T06:58:00.555269+00:00,544.733,,0.0,3.0,0.0,10.0,0.0,13529.0,0.538,0.025,13529.0,27.349,0.257,1.0,0.008684090021547922,0.37250996015936255,458367040.0,31.0,0.4,0.011,27.0,1.0,5.0,50.0
2026-08-10T06:58:01.550680+00:00,545.738,,0.0,3.0,0.0,10.0,0.0,13646.0,0.538,0.025,13646.0,27.496,0.257,1.0,0.016850998217504548,0.4535353535353535,477241408.0,31.0,0.4,0.011,27.0,1.0,5.0,50.0
2026-08-10T06:58:02.567291+00:00,546.742,,0.0,3.0,0.0,10.0,0.0,13650.0,0.538,0.025,13649.0,27.507,0.257,2.0,0.006410473638584601,0.2997032640949555,485630016.0,31.0,0.4,0.011,27.0,1.0,5.0,50.0
2026-08-10T06:58:03.556256+00:00,547.744,,0.0,3.0,0.0,10.0,0.0,13660.0,0.54,0.025,13660.0,27.624,0.257,1.0,0.014825562941533886,0.30870445344129555,498274880.0,31.0,0.4,0.011,27.0,1.0,5.0,50.0
2026-08-10T06:58:04.568973+00:00,548.746,,0.0,3.0,0.0,10.0,0.0,13700.0,0.541,0.025,13700.0,27.656,0.257,1.0,0.006854765834311465,0.249,506663488.0,31.0,0.4,0.011,27.0,1.0,5.0,50.0
2026-08-10T06:58:05.577826+00:00,549.75,,0.0,3.0,0.0,10.0,0.0,13708.0,0.542,0.025,13708.0,27.692,0.257,1.0,0.009737681995212627,0.41592039800995023,515052096.0,31.0,0.4,0.011,27.0,1.0,5.0,50.0
2026-08-10T06:58:06.575615+00:00,550.751,,0.0,3.0,0.0,10.0,0.0,13715.0,0.543,0.025,13715.0,27.746,0.257,1.0,0.00911222133709669,0.36815415821501013,523440704.0,31.0,0.4,0.011,27.0,1.0,5.0,50.0
2026-08-10T06:58:07.579898+00:00,551.756,,0.0,3.0,0.0,10.0,0.0,13790.0,0.544,0.025,13790.0,27.83,0.257,1.0,0.014977777295877882,0.301792828685259,385058368.0,32.0,0.405,0.011,27.0,1.0,5.0,50.0
2026-08-10T06:58:08.579141+00:00,552.761,,0.0,3.0,0.0,10.0,0.0,13795.0,0.544,0.025,13795.0,27.858,0.257,2.0,0.006654026841942462,0.2459839357429719,393446976.0,32.0,0.405,0.011,27.0,2.0,5.0,50.0
2026-08-10T06:58:09.602869+00:00,553.766,,0.0,3.0,0.0,10.0,0.0,13871.0,0.544,0.025,13871.0,27.932,0.257,1.0,0.009655326851661783,0.36894164193867457,406029888.0,32.0,0.405,0.011,27.0,1.0,5.0,50.0
2026-08-10T06:58:10.591292+00:00,554.77,,0.0,3.0,0.0,10.0,0.0,13916.0,0.545,0.025,13916.0,27.988,0.257,1.0,0.011491711928905917,0.3242424242424242,416515648.0,32.0,0.405,0.011,27.0,1.0,5.0,50.0
2026-08-10T06:58:11.606737+00:00,555.773,,0.0,3.0,0.0,10.0,0.0,13990.0,0.546,0.025,13990.0,28.073,0.257,1.0,0.01076294169891518,0.45119521912350596,429098560.0,32.0,0.405,0.011,27.0,1.0,5.0,50.0
2026-08-10T06:58:12.593804+00:00,556.777,,0.0,3.0,0.0,10.0,0.0,14032.0,0.547,0.025,14032.0,28.172,0.257,1.0,0.012606896968232879,0.434826883910387,439584320.0,32.0,0.405,0.011,27.0,1.0,5.0,50.0
2026-08-10T06:58:13.617890+00:00,557.782,,0.0,3.0,0.0,10.0,0.0,14108.0,0.547,0.025,14108.0,28.248,0.257,1.0,0.011094496788260024,0.4076620825147348,452167232.0,32.0,0.405,0.011,27.0,1.0,5.0,50.0
2026-08-10T06:58:14.599289+00:00,558.787,,0.0,3.0,0.0,10.0,0.0,14114.0,0.548,0.025,14114.0,28.283,0.257,1.0,0.007905917348520714,0.2992849846782431,460555840.0,32.0,0.405,0.011,27.0,1.0,5.0,50.0
2026-08-10T06:58:15.610902+00:00,559.792,,1.0,2.0,0.0,10.0,0.0,14191.0,0.548,0.025,14191.0,28.351,0.257,1.0,0.010513122461450695,0.33300099700897307,473138752.0,32.0,0.405,0.011,27.0,1.0,5.0,50.0
2026-08-10T06:58:16.613644+00:00,560.797,,0.0,3.0,0.0,10.0,0.0,14268.0,0.549,0.025,14268.0,28.428,0.257,1.0,0.011284016015520525,0.29087261785356067,485721664.0,32.0,0.405,0.011,27.0,1.0,5.0,50.0
2026-08-10T06:58:17.614737+00:00,561.798,,0.0,3.0,0.0,10.0,0.0,14276.0,0.55,0.025,14276.0,28.483,0.257,1.0,0.009015517172603614,0.32196589769307926,496207424.0,32.0,0.405,0.011,27.0,1.0,5.0,50.0
2026-08-10T06:58:18.616698+00:00,562.803,,0.0,3.0,0.0,10.0,0.0,14318.0,0.55,0.025,14318.0,28.537,0.257,1.0,0.008293693914837865,0.4804804804804805,506693184.0,32.0,0.405,0.011,27.0,1.0,5.0,50.0
2026-08-10T06:58:19.618153+00:00,563.808,,0.0,3.0,0.0,10.0,0.0,14396.0,0.55,0.025,14396.0,28.601,0.257,1.0,0.0107880395991371,0.3350050150451354,519276096.0,32.0,0.405,0.011,27.0,1.0,5.0,50.0
2026-08-10T06:58:20.638584+00:00,564.813,,1.0,2.0,0.0,10.0,0.0,14401.0,0.55,0.025,14401.0,28.615,0.257,1.0,0.00899992040164739,0.25666337611056267,374576800.0,33.0,0.414,0.011,27.0,1.0,5.0,50.0
2026-08-10T06:58:21.627217+00:00,565.814,,0.0,3.0,0.0,10.0,0.0,14411.0,0.55,0.025,14411.0,28.712,0.257,1.0,0.011688535685215239,0.46992864424057085,387159712.0,33.0,0.414,0.011,27.0,1.0,5.0,50.0
2026-08-10T06:58:22.636540+00:00,566.819,,0.0,3.0,0.0,10.0,0.0,14417.0,0.551,0.025,14417.0,28.734,0.257,1.0,0.0057471744003052124,0.41382765531062127,395548320.0,33.0,0.414,0.011,27.0,2.0,5.0,50.0
2026-08-10T06:58:23.642002+00:00,567.824,,0.0,3.0,0.0,10.0,0.0,14420.0,0.551,0.025,14420.0,28.755,0.257,1.0,0.005061212509445151,0.3187250996015936,401839776.0,33.0,0.414,0.011,27.0,2.0,5.0,50.0
2026-08-10T06:58:24.639348+00:00,568.829,,0.0,3.0,0.0,10.0,0.0,14535.0,0.551,0.025,14535.0,28.864,0.257,1.0,0.013718242581625422,0.23340040241448692,418616992.0,33.0,0.414,0.011,27.0,1.0,5.0,50.0
2026-08-10T06:58:25.643357+00:00,569.83,,0.0,3.0,0.0,10.0,0.0,14647.0,0.552,0.025,14647.0,28.945,0.257,1.0,0.010654990873722793,0.24549098196392785,433298976.0,33.0,0.414,0.011,27.0,1.0,5.0,50.0
2026-08-10T06:58:26.653290+00:00,570.835,,0.0,3.0,0.0,10.0,0.0,14651.0,0.553,0.025,14651.0,28.963,0.257,1.0,0.005655560140292964,0.2935323383084577,439590432.0,33.0,0.414,0.011,27.0,1.0,5.0,50.0
2026-08-10T06:58:27.655847+00:00,571.84,,0.0,3.0,0.0,10.0,0.0,14768.0,0.553,0.025,14768.0,29.055,0.257,1.0,0.012697614558079674,0.26458752515090544,456367648.0,33.0,0.414,0.011,27.0,1.0,5.0,50.0
2026-08-10T06:58:28.664207+00:00,572.845,,0.0,3.0,0.0,10.0,0.0,14770.0,0.554,0.025,14770.0,29.062,0.257,1.0,0.00448201891494221,0.18326693227091634,462659104.0,33.0,0.414,0.011,27.0,1.0,5.0,50.0
2026-08-10T06:58:29.660573+00:00,573.85,,0.0,3.0,0.0,10.0,0.0,14838.0,0.555,0.025,14837.0,29.143,0.257,2.0,0.011586326623072019,0.2457200402819738,477340064.0,33.0,0.414,0.011,27.0,2.0,5.0,50.0
2026-08-10T06:58:30.668037+00:00,574.854,,0.0,3.0,0.0,10.0,0.0,14891.0,0.555,0.025,14891.0,29.207,0.257,1.0,0.009584953045323457,0.24975124378109453,489922976.0,33.0,0.414,0.011,27.0,1.0,5.0,50.0
2026-08-10T06:58:31.677881+00:00,575.856,,0.0,3.0,0.0,10.0,0.0,14934.0,0.555,0.025,14934.0,29.262,0.257,1.0,0.01033874823104092,0.34434434434434436,500443040.0,33.0,0.414,0.011,27.0,1.0,5.0,50.0
2026-08-10T06:58:32.684663+00:00,576.862,,0.0,3.0,0.0,10.0,0.0,14943.0,0.555,0.025,14943.0,29.301,0.257,1.0,0.008943239033434323,0.5761523046092184,508833184.0,33.0,0.414,0.011,27.0,1.0,5.0,50.0
2026-08-10T06:58:33.685214+00:00,577.863,,0.0,3.0,0.0,10.0,0.0,14948.0,0.555,0.025,14948.0,29.355,0.257,1.0,0.008945396787341166,0.2995991983967936,517221792.0,33.0,0.414,0.011,27.0,1.0,5.0,50.0
2026-08-10T06:58:34.678457+00:00,578.868,,0.0,3.0,0.0,10.0,0.0,15061.0,0.555,0.025,15061.0,29.477,0.257,1.0,0.017109506911039886,0.2861476238624874,380984560.0,34.0,0.419,0.011,27.0,1.0,5.0,50.0
2026-08-10T06:58:35.690461+00:00,579.873,,0.0,3.0,0.0,10.0,0.0,15068.0,0.556,0.025,15068.0,29.53,0.257,1.0,0.010330272790925086,0.3023952095808383,393584624.0,34.0,0.419,0.011,27.0,1.0,5.0,50.0
2026-08-10T06:58:36.698466+00:00,580.875,,0.0,3.0,0.0,10.0,0.0,15077.0,0.557,0.025,15077.0,29.602,0.257,1.0,0.010891719492946924,0.3386295928500497,404070384.0,34.0,0.419,0.011,27.0,1.0,5.0,50.0
2026-08-10T06:58:37.693025+00:00,581.875,,0.0,3.0,0.0,10.0,0.0,15119.0,0.558,0.025,15119.0,29.652,0.257,1.0,0.008794471965773475,0.28412537917087965,412458992.0,34.0,0.419,0.011,27.0,1.0,5.0,50.0
2026-08-10T06:58:38.693419+00:00,582.88,,0.0,3.0,0.0,10.0,0.0,15127.0,0.558,0.025,15127.0,29.687,0.257,1.0,0.007693775011160458,0.24172517552657974,422944752.0,34.0,0.419,0.011,27.0,1.0,5.0,50.0
2026-08-10T06:58:39.695425+00:00,583.886,,0.0,3.0,0.0,10.0,0.0,15238.0,0.558,0.025,15238.0,29.775,0.257,1.0,0.011841286803406808,0.2802802802802803,435527664.0,34.0,0.419,0.011,27.0,1.0,5.0,50.0
2026-08-10T06:58:40.699880+00:00,584.886,,0.0,3.0,0.0,10.0,0.0,15313.0,0.559,0.025,15313.0,29.846,0.257,1.0,0.00961238717603779,0.25553319919517103,448110576.0,34.0,0.419,0.011,27.0,1.0,5.0,50.0
2026-08-10T06:58:41.702075+00:00,585.888,,0.0,3.0,0.0,10.0,0.0,15430.0,0.559,0.025,15430.0,29.939,0.257,1.0,0.013733181618557112,0.33232931726907633,464887792.0,34.0,0.419,0.011,27.0,1.0,5.0,50.0
2026-08-10T06:58:42.711267+00:00,586.891,,0.0,3.0,0.0,10.0,0.0,15469.0,0.56,0.025,15469.0,29.973,0.257,1.0,0.007082636707891036,0.33100697906281157,473276400.0,34.0,0.419,0.011,27.0,1.0,5.0,50.0
2026-08-10T06:58:43.705870+00:00,587.894,,0.0,3.0,0.0,10.0,0.0,15549.0,0.562,0.025,15549.0,30.056,0.257,1.0,0.011356080103387714,0.2778904665314402,487956464.0,34.0,0.419,0.011,27.0,1.0,5.0,50.0
2026-08-10T06:58:44.705646+00:00,588.895,,0.0,3.0,0.0,10.0,0.0,15553.0,0.563,0.025,15553.0,30.086,0.257,1.0,0.006115868241919099,0.22668004012036108,496345072.0,34.0,0.419,0.011,27.0,1.0,5.0,50.0
2026-08-10T06:58:45.712764+00:00,589.899,,0.0,3.0,0.0,10.0,0.0,15561.0,0.564,0.025,15561.0,30.127,0.257,1.0,0.008367401585306007,0.24227318045862412,504733680.0,34.0,0.419,0.011,27.0,1.0,5.0,50.0
2026-08-10T06:58:46.725571+00:00,590.904,,0.0,3.0,0.0,10.0,0.0,15674.0,0.564,0.025,15674.0,30.22,0.257,1.0,0.011817776666630433,0.39800995024875624,519413744.0,34.0,0.419,0.011,27.0,1.0,5.0,50.0
2026-08-10T06:58:47.726260+00:00,591.909,,0.0,3.0,0.0,10.0,0.0,15681.0,0.565,0.025,15681.0,30.254,0.257,1.0,0.010493712105430503,0.3837675350701403,380984720.0,35.0,0.424,0.011,27.0,1.0,5.0,50.0
2026-08-10T06:58:48.726343+00:00,592.912,,0.0,3.0,0.0,10.0,0.0,15722.0,0.565,0.025,15722.0,30.321,0.257,1.0,0.008885364821245514,0.25176233635448136,391470480.0,35.0,0.424,0.011,27.0,1.0,5.0,50.0
2026-08-10T06:58:49.724493+00:00,593.917,,0.0,3.0,0.0,10.0,0.0,15805.0,0.565,0.025,15805.0,30.42,0.257,1.0,0.012093845722926454,0.3156312625250501,408247696.0,35.0,0.424,0.011,27.0,1.0,5.0,50.0
2026-08-10T06:58:50.732749+00:00,594.922,,1.0,2.0,0.0,10.0,0.0,15845.0,0.565,0.025,15845.0,30.462,0.257,1.0,0.0066278649166461295,0.2752752752752753,416636304.0,35.0,0.424,0.011,27.0,1.0,5.0,50.0
2026-08-10T06:58:51.767713+00:00,595.926,,0.0,3.0,0.0,10.0,0.0,15855.0,0.565,0.025,15855.0,30.524,0.257,1.0,0.01141134959734815,0.40195121951219515,429219216.0,35.0,0.424,0.011,27.0,2.0,5.0,50.0
2026-08-10T06:58:52.751902+00:00,596.93,,0.0,3.0,0.0,10.0,0.0,15898.0,0.566,0.025,15898.0,30.56,0.257,1.0,0.008435780840827429,0.32346938775510203,437621264.0,35.0,0.424,0.011,27.0,1.0,5.0,50.0
2026-08-10T06:58:53.758409+00:00,597.935,,0.0,3.0,0.0,10.0,0.0,15945.0,0.567,0.025,15944.0,30.636,0.257,2.0,0.013830660364688361,0.37349397590361444,452301328.0,35.0,0.424,0.011,27.0,1.0,5.0,50.0
2026-08-10T06:58:54.748390+00:00,598.937,,0.0,3.0,0.0,10.0,0.0,16020.0,0.567,0.025,16020.0,30.725,0.257,1.0,0.013538089985813092,0.30925737538148523,465015568.0,35.0,0.424,0.011,27.0,1.0,5.0,50.0
2026-08-10T06:58:55.753658+00:00,599.938,,0.0,3.0,0.0,10.0,0.0,16027.0,0.568,0.025,16027.0,30.753,0.257,1.0,0.006724467049106783,0.3416087388282026,471307024.0,35.0,0.424,0.011,27.0,1.0,5.0,50.0
2026-08-10T06:58:56.758890+00:00,600.942,,0.0,3.0,0.0,10.0,0.0,16143.0,0.568,0.025,16143.0,30.878,0.257,1.0,0.016838423726639268,0.2672672672672673,490275728.0,35.0,0.424,0.011,27.0,1.0,5.0,50.0
2026-08-10T06:58:57.757394+00:00,601.947,,0.0,3.0,0.0,10.0,0.0,16257.0,0.57,0.025,16257.0,30.968,0.257,1.0,0.01113772718722108,0.37399193548387094,504959888.0,35.0,0.424,0.011,27.0,1.0,5.0,50.0
2026-08-10T06:58:58.771108+00:00,602.949,,0.0,3.0,0.0,10.0,0.0,16264.0,0.57,0.025,16264.0,31.006,0.257,1.0,0.008492476751844892,0.24055666003976142,515445648.0,35.0,0.424,0.011,27.0,1.0,5.0,50.0
2026-08-10T06:58:59.764545+00:00,603.95,,0.0,3.0,0.0,10.0,0.0,16306.0,0.571,0.025,16306.0,31.063,0.257,1.0,0.008983109718172198,0.34791454730417093,523834256.0,35.0,0.424,0.011,27.0,1.0,5.0,50.0
2026-08-10T06:59:00.761384+00:00,604.951,,0.0,3.0,0.0,10.0,0.0,16347.0,0.571,0.025,16347.0,31.119,0.257,1.0,0.011009461138612873,0.263,385478888.0,36.0,0.426,0.011,27.0,1.0,5.0,50.0
2026-08-10T06:59:01.787501+00:00,605.956,,2.0,1.0,0.0,10.0,0.0,16391.0,0.574,0.025,16391.0,31.221,0.257,1.0,0.012743650267254497,0.43529411764705883,400158952.0,36.0,0.426,0.011,27.0,1.0,5.0,50.0
2026-08-10T06:59:02.799732+00:00,606.96,,2.0,1.0,0.0,10.0,0.0,16431.0,0.575,0.025,16431.0,31.273,0.257,1.0,0.008217105607518028,0.2978723404255319,408547560.0,36.0,0.426,0.011,27.0,1.0,5.0,50.0
2026-08-10T06:59:03.778010+00:00,607.965,,0.0,3.0,0.0,10.0,0.0,16514.0,0.575,0.025,16514.0,31.359,0.257,1.0,0.015321543601576771,0.3333333333333333,423232488.0,36.0,0.426,0.011,27.0,1.0,5.0,50.0
2026-08-10T06:59:04.781889+00:00,608.968,,0.0,3.0,0.0,10.0,0.0,16519.0,0.576,0.025,16519.0,31.389,0.257,1.0,0.006618550965654004,0.297,431633896.0,36.0,0.426,0.011,27.0,1.0,5.0,50.0
2026-08-10T06:59:05.797448+00:00,609.969,,0.0,3.0,0.0,10.0,0.0,16636.0,0.577,0.025,16636.0,31.519,0.257,1.0,0.01615421559113539,0.2677322677322677,450508264.0,36.0,0.426,0.011,27.0,1.0,5.0,50.0
2026-08-10T06:59:06.783831+00:00,610.974,,0.0,3.0,0.0,10.0,0.0,16682.0,0.577,0.025,16682.0,31.589,0.257,1.0,0.01203149072440168,0.2813765182186235,463120360.0,36.0,0.426,0.011,27.0,1.0,5.0,50.0
2026-08-10T06:59:07.798867+00:00,611.979,,0.0,3.0,0.0,10.0,0.0,16728.0,0.578,0.025,16728.0,31.634,0.257,1.0,0.009719460946257587,0.251984126984127,473606120.0,36.0,0.426,0.011,27.0,1.0,5.0,50.0
2026-08-10T06:59:08.799038+00:00,612.982,,0.0,3.0,0.0,10.0,0.0,16769.0,0.579,0.025,16769.0,31.668,0.257,1.0,0.007124879613481688,0.22690763052208834,481994728.0,36.0,0.426,0.011,27.0,1.0,5.0,50.0
2026-08-10T06:59:09.794919+00:00,613.984,,0.0,3.0,0.0,10.0,0.0,16849.0,0.58,0.025,16867.0,31.772,0.257,2.0,0.013505143590868436,0.21428571428571427,498771944.0,36.0,0.426,0.011,27.0,3.0,5.0,50.0
2026-08-10T06:59:10.815116+00:00,614.988,,0.0,3.0,0.0,10.0,0.0,16924.0,0.581,0.025,16924.0,31.85,0.257,1.0,0.01072037391569448,0.252465483234714,513452008.0,36.0,0.426,0.011,27.0,1.0,5.0,50.0
2026-08-10T06:59:11.808989+00:00,615.993,,0.0,3.0,0.0,10.0,0.0,16999.0,0.581,0.025,16999.0,31.914,0.257,1.0,0.00845961686814141,0.3306288032454361,521840616.0,36.0,0.426,0.011,27.0,1.0,5.0,50.0
2026-08-10T06:59:12.812126+00:00,616.998,,1.0,2.0,0.0,10.0,0.0,17044.0,0.582,0.025,17044.0,31.972,0.257,1.0,0.011983437815794886,0.21535393818544366,385568088.0,37.0,0.429,0.011,27.0,1.0,5.0,50.0
2026-08-10T06:59:13.821181+00:00,617.999,,0.0,3.0,0.0,10.0,0.0,17090.0,0.582,0.025,17090.0,32.066,0.257,1.0,0.014321789894070569,0.303,400249944.0,37.0,0.429,0.011,27.0,1.0,5.0,50.0
2026-08-10T06:59:14.815878+00:00,619.003,,0.0,3.0,0.0,10.0,0.0,17165.0,0.583,0.025,17165.0,32.125,0.257,2.0,0.009174610280309105,0.24495967741935484,410735704.0,37.0,0.429,0.011,27.0,1.0,5.0,50.0
2026-08-10T06:59:15.870237+00:00,620.012,,0.0,3.0,0.0,10.0,0.0,17176.0,0.584,0.025,17176.0,32.182,0.257,1.0,0.011683448215351477,0.29162656400384984,423319896.0,37.0,0.429,0.011,27.0,1.0,5.0,50.0
2026-08-10T06:59:16.829664+00:00,621.017,,0.0,3.0,0.0,10.0,0.0,17256.0,0.584,0.025,17256.0,32.27,0.257,1.0,0.013666578201227792,0.22497420020639836,437999960.0,37.0,0.429,0.011,27.0,1.0,5.0,50.0
2026-08-10T06:59:17.842589+00:00,622.022,,0.0,3.0,0.0,10.0,0.0,17261.0,0.584,0.025,17261.0,32.286,0.257,1.0,0.005575600837035338,0.2124248496993988,444291416.0,37.0,0.429,0.011,27.0,1.0,5.0,50.0
2026-08-10T06:59:18.867862+00:00,623.027,,0.0,3.0,0.0,10.0,0.0,17268.0,0.586,0.025,17268.0,32.319,0.257,1.0,0.008642444346130268,0.24378109452736318,454777176.0,37.0,0.429,0.011,27.0,1.0,5.0,50.0
2026-08-10T06:59:19.847468+00:00,624.032,,0.0,3.0,0.0,10.0,0.0,17387.0,0.587,0.025,17387.0,32.432,0.257,1.0,0.015654855067614472,0.26706827309236947,473651544.0,37.0,0.429,0.011,27.0,1.0,5.0,50.0
2026-08-10T06:59:20.901924+00:00,625.035,,0.0,3.0,0.0,10.0,0.0,17430.0,0.587,0.025,17430.0,32.519,0.257,1.0,0.009808025090364152,0.30346820809248554,484137304.0,37.0,0.429,0.011,27.0,1.0,5.0,50.0
2026-08-10T06:59:21.868574+00:00,626.04,,0.0,3.0,0.0,10.0,0.0,17441.0,0.587,0.025,17441.0,32.588,0.257,1.0,0.013217389182296825,0.4515463917525773,496720216.0,37.0,0.429,0.011,27.0,1.0,5.0,50.0
2026-08-10T06:59:22.881557+00:00,627.044,,1.0,2.0,0.0,10.0,0.0,17478.0,0.587,0.025,17480.0,32.646,0.257,1.0,0.009196109445173224,0.2622133599202393,505108824.0,37.0,0.429,0.011,27.0,1.0,5.0,50.0
2026-08-10T06:59:23.872884+00:00,628.049,,0.0,3.0,0.0,10.0,0.0,17523.0,0.587,0.025,17523.0,32.725,0.257,1.0,0.01132654441266486,0.3689516129032258,515594584.0,37.0,0.429,0.011,27.0,1.0,5.0,50.0
2026-08-10T06:59:24.892152+00:00,629.054,,1.0,2.0,0.0,10.0,0.0,17742.0,0.589,0.025,17743.0,32.91,0.257,1.0,0.022048259748789746,0.30876494023904383,387693720.0,38.0,0.434,0.011,27.0,1.0,5.0,50.0
2026-08-10T06:59:25.933316+00:00,630.06,,0.0,3.0,0.0,10.0,0.0,17751.0,0.59,0.025,17751.0,32.945,0.257,1.0,0.010199981112038377,0.31589147286821706,396082328.0,38.0,0.434,0.011,27.0,1.0,5.0,50.0
2026-08-10T06:59:26.881626+00:00,631.06,,0.0,3.0,0.0,10.0,0.0,17793.0,0.59,0.025,17793.0,33.002,0.257,1.0,0.01134329598205477,0.3127615062761506,406568088.0,38.0,0.434,0.011,27.0,1.0,5.0,50.0
2026-08-10T06:59:27.892305+00:00,632.061,,0.0,3.0,0.0,10.0,0.0,17871.0,0.591,0.025,17871.0,33.06,0.257,1.0,0.00983571485432256,0.335678391959799,419151000.0,38.0,0.434,0.011,27.0,1.0,5.0,50.0
2026-08-10T06:59:28.912847+00:00,633.065,,0.0,3.0,0.0,10.0,0.0,17974.0,0.591,0.025,17976.0,33.178,0.257,2.0,0.016455225232370172,0.2966601178781925,435928216.0,38.0,0.434,0.011,27.0,1.0,5.0,50.0
2026-08-10T06:59:29.882367+00:00,634.07,,0.0,3.0,0.0,10.0,0.0,18029.0,0.591,0.025,18029.0,33.25,0.257,1.0,0.011099764771565686,0.31230610134436404,448511128.0,38.0,0.434,0.011,27.0,1.0,5.0,50.0
2026-08-10T06:59:30.918582+00:00,635.075,,0.0,3.0,0.0,10.0,0.0,18038.0,0.591,0.025,18038.0,33.316,0.257,1.0,0.011191871672368273,0.24853228962818003,461094040.0,38.0,0.434,0.011,27.0,1.0,5.0,50.0
2026-08-10T06:59:32.166182+00:00,636.08,,1.0,2.0,0.0,10.0,0.0,18046.0,0.593,0.025,18045.0,33.477,0.257,1.0,0.013801475750387654,0.46564885496183206,469482648.0,38.0,0.434,0.011,27.0,1.0,5.0,50.0
2026-08-10T06:59:32.905270+00:00,637.084,,1.0,2.0,0.0,10.0,0.0,18054.0,0.593,0.025,18054.0,33.545,0.257,1.0,0.011430908149738645,0.51625,479968408.0,38.0,0.434,0.011,27.0,1.0,5.0,50.0
2026-08-10T06:59:33.907603+00:00,638.089,,0.0,3.0,0.0,10.0,0.0,18097.0,0.593,0.025,18097.0,33.622,0.257,1.0,0.012752750767338884,0.2811565304087737,490454168.0,38.0,0.434,0.011,27.0,1.0,5.0,50.0
2026-08-10T06:59:34.909585+00:00,639.091,,0.0,3.0,0.0,10.0,0.0,18143.0,0.594,0.025,18143.0,33.692,0.257,1.0,0.01120815777007654,0.3591549295774648,503037080.0,38.0,0.434,0.011,27.0,1.0,5.0,50.0
2026-08-10T06:59:35.916981+00:00,640.096,,0.0,3.0,0.0,10.0,0.0,18189.0,0.595,0.025,18189.0,33.774,0.257,1.0,0.012335444912432741,0.3436254980079681,515619992.0,38.0,0.434,0.011,27.0,1.0,5.0,50.0
2026-08-10T06:59:36.921889+00:00,641.1,,0.0,3.0,0.0,10.0,0.0,18267.0,0.595,0.025,18267.0,33.862,0.257,1.0,0.014655909998965322,0.28256513026052105,381446272.0,39.0,0.444,0.011,27.0,2.0,5.0,50.0
2026-08-10T06:59:37.916551+00:00,642.102,,0.0,3.0,0.0,10.0,0.0,18332.0,0.596,0.025,18331.0,33.905,0.257,2.0,0.009763913156996245,0.21673387096774194,391932032.0,39.0,0.444,0.011,27.0,2.0,5.0,50.0
2026-08-10T06:59:38.941731+00:00,643.105,,1.0,2.0,0.0,10.0,0.0,18487.0,0.596,0.025,18489.0,34.046,0.257,2.0,0.01695554436713068,0.2265084075173096,412903552.0,39.0,0.444,0.011,27.0,1.0,5.0,50.0
2026-08-10T06:59:39.919589+00:00,644.107,,0.0,3.0,0.0,10.0,0.0,18503.0,0.6,0.025,18503.0,34.099,0.257,1.0,0.008407446357975534,0.3343558282208589,421292160.0,39.0,0.444,0.011,27.0,1.0,5.0,50.0
2026-08-10T06:59:40.919514+00:00,645.108,,0.0,3.0,0.0,10.0,0.0,18543.0,0.6,0.025,18543.0,34.145,0.257,1.0,0.0072727563698631505,0.2655310621242485,431777920.0,39.0,0.444,0.011,27.0,1.0,5.0,50.0
2026-08-10T06:59:41.929068+00:00,646.113,,0.0,3.0,0.0,10.0,0.0,18645.0,0.601,0.025,18646.0,34.234,0.257,2.0,0.013794521511732185,0.27761194029850744,446457984.0,39.0,0.444,0.011,27.0,2.0,5.0,50.0
2026-08-10T06:59:42.934976+00:00,647.118,,0.0,3.0,0.0,10.0,0.0,18698.0,0.602,0.025,18698.0,34.284,0.257,1.0,0.007941392568639828,0.251503006012024,456943744.0,39.0,0.444,0.011,27.0,1.0,5.0,50.0
2026-08-10T06:59:43.947050+00:00,648.123,,0.0,3.0,0.0,10.0,0.0,18706.0,0.602,0.025,18706.0,34.353,0.257,1.0,0.011364790755628924,0.358,469526656.0,39.0,0.444,0.011,27.0,1.0,5.0,50.0
2026-08-10T06:59:44.950640+00:00,649.127,,0.0,3.0,0.0,10.0,0.0,18750.0,0.603,0.025,18770.0,34.428,0.257,2.0,0.01224859021856453,0.3346613545816733,482109568.0,39.0,0.444,0.011,27.0,2.0,5.0,50.0
2026-08-10T06:59:45.964407+00:00,650.128,,1.0,2.0,0.0,10.0,0.0,18859.0,0.603,0.025,18860.0,34.547,0.257,2.0,0.017296823000245053,0.29096325719960275,498886784.0,39.0,0.444,0.011,27.0,1.0,5.0,50.0
2026-08-10T06:59:46.949162+00:00,651.134,,0.0,3.0,0.0,10.0,0.0,18873.0,0.604,0.025,18873.0,34.603,0.257,2.0,0.008898464052518908,0.34893184130213634,507275392.0,39.0,0.444,0.011,27.0,1.0,5.0,50.0
2026-08-10T06:59:48.136176+00:00,652.14,,1.0,2.0,0.0,10.0,0.0,18919.0,0.608,0.025,18918.0,34.96,0.257,2.0,0.015224781683192258,0.5765611633875107,519858304.0,39.0,0.444,0.011,27.0,1.0,5.0,50.0
2026-08-10T06:59:48.963371+00:00,653.141,,0.0,3.0,0.0,10.0,0.0,18961.0,0.608,0.025,18961.0,35.105,0.257,1.0,0.014969687043107747,0.36848484848484847,383578912.0,40.0,0.447,0.011,27.0,1.0,5.0,50.0
2026-08-10T06:59:49.961899+00:00,654.145,,0.0,3.0,0.0,10.0,0.0,18965.0,0.608,0.025,18965.0,35.121,0.257,1.0,0.005248843054336551,0.37248995983935745,389870368.0,40.0,0.447,0.011,27.0,1.0,5.0,50.0
2026-08-10T06:59:50.961756+00:00,655.149,,0.0,3.0,0.0,10.0,0.0,19011.0,0.61,0.025,19011.0,35.197,0.257,1.0,0.01173795848825585,0.37361530715005037,402453280.0,40.0,0.447,0.011,27.0,1.0,5.0,50.0
2026-08-10T06:59:51.962299+00:00,656.153,,0.0,3.0,0.0,10.0,0.0,19124.0,0.611,0.025,19124.0,35.296,0.257,1.0,0.012467907044609832,0.30861723446893785,417133344.0,40.0,0.447,0.011,27.0,1.0,5.0,50.0
2026-08-10T06:59:52.967130+00:00,657.153,,0.0,3.0,0.0,10.0,0.0,19158.0,0.612,0.025,19160.0,35.355,0.257,2.0,0.010220375189806825,0.28786359077231694,429716256.0,40.0,0.447,0.011,27.0,1.0,5.0,50.0
2026-08-10T06:59:53.978001+00:00,658.158,,0.0,3.0,0.0,10.0,0.0,19211.0,0.612,0.025,19212.0,35.437,0.257,2.0,0.011777107241788683,0.3253731343283582,442299168.0,40.0,0.447,0.011,27.0,2.0,5.0,50.0
2026-08-10T06:59:54.973621+00:00,659.16,,0.0,3.0,0.0,10.0,0.0,19289.0,0.614,0.025,19289.0,35.5,0.257,1.0,0.009098784566768521,0.2956609485368315,452784928.0,40.0,0.447,0.011,27.0,1.0,5.0,50.0
2026-08-10T06:59:55.975373+00:00,660.16,,0.0,3.0,0.0,10.0,0.0,19298.0,0.614,0.025,19298.0,35.546,0.257,1.0,0.00972063099498676,0.23947895791583165,465367840.0,40.0,0.447,0.011,27.0,1.0,5.0,50.0
2026-08-10T06:59:56.977943+00:00,661.166,,0.0,3.0,0.0,10.0,0.0,19376.0,0.615,0.025,19376.0,35.608,0.257,1.0,0.008847603350585834,0.2688064192577733,475853600.0,40.0,0.447,0.011,27.0,1.0,5.0,50.0
2026-08-10T06:59:57.980173+00:00,662.166,,0.0,3.0,0.0,10.0,0.0,19493.0,0.616,0.025,19493.0,35.709,0.257,1.0,0.014089755510966001,0.22860020140986909,494727968.0,40.0,0.447,0.011,27.0,1.0,5.0,50.0
2026-08-10T06:59:58.978465+00:00,663.167,,1.0,2.0,0.0,10.0,0.0,19499.0,0.616,0.025,19499.0,35.753,0.257,1.0,0.007849293249451729,0.20060180541624875,503116576.0,40.0,0.447,0.011,27.0,1.0,5.0,50.0
2026-08-10T06:59:59.984554+00:00,664.172,,0.0,3.0,0.0,10.0,0.0,19618.0,0.616,0.025,19618.0,35.845,0.257,1.0,0.0129538885544716,0.232,521990944.0,40.0,0.447,0.011,27.0,1.0,5.0,50.0
2026-08-10T07:00:00.988933+00:00,665.176,,0.0,3.0,0.0,10.0,0.0,19696.0,0.618,0.025,19696.0,35.932,0.257,1.0,0.013927280395827656,0.2731804586241276,385672056.0,41.0,0.449,0.011,27.0,1.0,5.0,50.0
2026-08-10T07:00:01.991147+00:00,666.178,,0.0,3.0,0.0,10.0,0.0,19702.0,0.618,0.025,19702.0,35.963,0.257,1.0,0.0076453742495422245,0.333,396157816.0,41.0,0.449,0.011,27.0,1.0,5.0,50.0
2026-08-10T07:00:02.997382+00:00,667.184,,0.0,3.0,0.0,10.0,0.0,19707.0,0.618,0.025,19707.0,35.996,0.257,1.0,0.006691072297949151,0.2137862137862138,404546424.0,41.0,0.449,0.011,27.0,1.0,5.0,50.0
2026-08-10T07:00:04.009423+00:00,668.189,,0.0,3.0,0.0,10.0,0.0,19750.0,0.618,0.004,19750.0,36.06,0.194,1.0,0.010255778540961076,0.2410358565737052,417129336.0,41.0,0.449,0.011,27.0,1.0,5.0,50.0
2026-08-10T07:00:05.001638+00:00,669.19,,0.0,3.0,0.0,10.0,0.0,19831.0,0.62,0.004,19831.0,36.15,0.194,1.0,0.012225428094495849,0.26693629929221435,431809400.0,41.0,0.449,0.011,27.0,1.0,5.0,50.0
2026-08-10T07:00:06.010296+00:00,670.195,,0.0,3.0,0.0,10.0,0.0,19871.0,0.621,0.004,19871.0,36.197,0.194,1.0,0.008714342199641957,0.25523429710867396,442295160.0,41.0,0.449,0.011,27.0,1.0,5.0,50.0
2026-08-10T07:00:07.010240+00:00,671.195,,0.0,3.0,0.0,10.0,0.0,19881.0,0.621,0.004,19881.0,36.246,0.194,1.0,0.009332792788114929,0.2663316582914573,452781944.0,41.0,0.449,0.011,27.0,1.0,5.0,50.0
2026-08-10T07:00:08.015231+00:00,672.198,,0.0,3.0,0.0,10.0,0.0,19959.0,0.621,0.004,19959.0,36.314,0.194,1.0,0.010807179134456755,0.17746759720837488,465364856.0,41.0,0.449,0.011,27.0,1.0,5.0,50.0
2026-08-10T07:00:09.020010+00:00,673.2,,1.0,2.0,0.0,10.0,0.0,20041.0,0.621,0.004,20040.0,36.375,0.194,2.0,0.011983885606917087,0.2542713567839196,480044920.0,41.0,0.449,0.011,27.0,1.0,5.0,50.0
2026-08-10T07:00:10.021965+00:00,674.201,,0.0,3.0,0.0,10.0,0.0,20084.0,0.621,0.004,20084.0,36.432,0.194,1.0,0.00770807033498262,0.22822822822822822,490530680.0,41.0,0.449,0.011,27.0,1.0,5.0,50.0
2026-08-10T07:00:11.025646+00:00,675.207,,0.0,3.0,0.0,10.0,0.0,20092.0,0.623,0.004,20092.0,36.484,0.194,1.0,0.009348562223566835,0.25250501002004005,501016440.0,41.0,0.449,0.011,27.0,1.0,5.0,50.0
2026-08-10T07:00:12.023400+00:00,676.212,,0.0,3.0,0.0,10.0,0.0,20209.0,0.625,0.004,20209.0,36.591,0.194,1.0,0.014023000694262431,0.3071500503524673,517793656.0,41.0,0.449,0.011,27.0,1.0,5.0,50.0
2026-08-10T07:00:13.037843+00:00,677.216,,0.0,3.0,0.0,10.0,0.0,20247.0,0.625,0.004,20247.0,36.62,0.194,1.0,0.006873172775901595,0.25691699604743085,377228776.0,42.0,0.451,0.011,27.0,1.0,5.0,50.0
2026-08-10T07:00:14.049340+00:00,678.222,,0.0,3.0,0.0,10.0,0.0,20310.0,0.626,0.004,20312.0,36.69,0.194,2.0,0.011399145009457377,0.44779116465863456,389811688.0,42.0,0.451,0.011,27.0,2.0,5.0,50.0
2026-08-10T07:00:15.045805+00:00,679.226,,1.0,2.0,0.0,10.0,0.0,20474.0,0.626,0.004,20474.0,36.837,0.194,1.0,0.016599357388779788,0.3650952858575727,410783208.0,42.0,0.451,0.011,27.0,1.0,5.0,50.0
2026-08-10T07:00:16.048608+00:00,680.231,,0.0,3.0,0.0,10.0,0.0,20516.0,0.627,0.004,20516.0,36.9,0.194,1.0,0.010586865630546104,0.2429718875502008,421268968.0,42.0,0.451,0.011,27.0,2.0,5.0,50.0
2026-08-10T07:00:17.053389+00:00,681.236,,0.0,3.0,0.0,10.0,0.0,20530.0,0.627,0.004,20530.0,37.002,0.194,1.0,0.012983368708459139,0.3877755511022044,433851880.0,42.0,0.451,0.011,27.0,1.0,5.0,50.0
2026-08-10T07:00:18.053195+00:00,682.24,,0.0,3.0,0.0,10.0,0.0,20536.0,0.628,0.004,20536.0,37.021,0.194,1.0,0.006151243731443826,0.20741482965931865,442240488.0,42.0,0.451,0.011,27.0,1.0,5.0,50.0
2026-08-10T07:00:19.055256+00:00,683.245,,0.0,3.0,0.0,10.0,0.0,20578.0,0.63,0.004,20577.0,37.058,0.194,2.0,0.007624025418404409,0.22677322677322678,452726248.0,42.0,0.451,0.011,27.0,2.0,5.0,50.0
2026-08-10T07:00:20.061491+00:00,684.246,,0.0,3.0,0.0,10.0,0.0,20655.0,0.63,0.004,20655.0,37.133,0.194,2.0,0.010416880210256262,0.217,467406312.0,42.0,0.451,0.011,27.0,1.0,5.0,50.0
2026-08-10T07:00:21.188192+00:00,685.251,,0.0,3.0,0.0,10.0,0.0,20735.0,0.63,0.004,20735.0,37.232,0.194,1.0,0.014096673181756001,0.3810835629017447,482086376.0,42.0,0.451,0.011,27.0,1.0,5.0,50.0
2026-08-10T07:00:22.071624+00:00,686.251,,0.0,3.0,0.0,10.0,0.0,20748.0,0.635,0.005,20748.0,37.268,0.194,1.0,0.012051472880051397,0.31057268722466963,492572136.0,42.0,0.451,0.011,27.0,1.0,5.0,50.0
2026-08-10T07:00:23.073809+00:00,687.256,,0.0,3.0,0.0,10.0,0.0,20791.0,0.635,0.005,20791.0,37.325,0.194,1.0,0.00963886739409063,0.2695390781563126,505155048.0,42.0,0.451,0.011,27.0,1.0,5.0,50.0
2026-08-10T07:00:24.076633+00:00,688.26,,0.0,3.0,0.0,10.0,0.0,20870.0,0.635,0.005,20870.0,37.424,0.194,1.0,0.013225518018893597,0.385929648241206,519835112.0,42.0,0.451,0.011,27.0,1.0,5.0,50.0
2026-08-10T07:00:25.095632+00:00,689.265,,0.0,3.0,0.0,10.0,0.0,20948.0,0.636,0.005,20948.0,37.513,0.194,1.0,0.01470392737397306,0.32086614173228345,385663664.0,43.0,0.455,0.011,27.0,1.0,5.0,50.0
2026-08-10T07:00:26.084859+00:00,690.269,,0.0,3.0,0.0,10.0,0.0,20995.0,0.637,0.005,20995.0,37.565,0.194,1.0,0.010197157776722858,0.30612244897959184,398246576.0,43.0,0.455,0.011,27.0,1.0,5.0,50.0
2026-08-10T07:00:27.082948+00:00,691.27,,0.0,3.0,0.0,10.0,0.0,21039.0,0.637,0.005,21039.0,37.735,0.194,1.0,0.01234596873592821,0.3420787083753784,408732336.0,43.0,0.455,0.011,27.0,1.0,5.0,50.0
2026-08-10T07:00:28.086507+00:00,692.272,,0.0,3.0,0.0,10.0,0.0,21044.0,0.637,0.005,21044.0,37.753,0.194,1.0,0.005856319698529895,0.2682682682682683,417120944.0,43.0,0.455,0.011,27.0,1.0,5.0,50.0
2026-08-10T07:00:29.083973+00:00,693.273,,0.0,2.0,0.0,10.0,0.0,21185.0,0.637,0.005,21187.0,37.85,0.194,2.0,0.012472196076426583,0.2469758064516129,431801008.0,43.0,0.455,0.01,27.0,1.0,5.0,50.0
2026-08-10T07:00:30.087800+00:00,694.273,,0.0,3.0,0.0,10.0,0.0,21309.0,0.638,0.005,21309.0,37.973,0.194,1.0,0.016907472845172404,0.233,450796976.0,43.0,0.455,0.01,27.0,1.0,5.0,50.0
2026-08-10T07:00:31.095230+00:00,695.278,,0.0,3.0,0.0,10.0,0.0,21316.0,0.639,0.005,21316.0,38.016,0.194,1.0,0.008348424897653861,0.19721115537848605,461282736.0,43.0,0.455,0.01,27.0,1.0,5.0,50.0
2026-08-10T07:00:32.119713+00:00,696.283,,0.0,3.0,0.0,10.0,0.0,21324.0,0.639,0.005,21324.0,38.04,0.194,1.0,0.007895516912466065,0.5118577075098815,469672752.0,43.0,0.455,0.01,27.0,1.0,5.0,50.0
2026-08-10T07:00:33.103842+00:00,697.286,,0.0,3.0,0.0,10.0,0.0,21404.0,0.641,0.005,21404.0,38.133,0.194,1.0,0.015481053383328034,0.3024439918533605,482339248.0,43.0,0.455,0.01,27.0,1.0,5.0,50.0
2026-08-10T07:00:34.106628+00:00,698.29,,0.0,3.0,0.0,10.0,0.0,21408.0,0.642,0.005,21408.0,38.174,0.194,1.0,0.007061868020324755,0.304,492825008.0,43.0,0.455,0.01,27.0,1.0,5.0,50.0
2026-08-10T07:00:35.107026+00:00,699.291,,1.0,2.0,0.0,10.0,0.0,21450.0,0.642,0.005,21451.0,38.244,0.194,1.0,0.010212115241713764,0.24522613065326634,503318576.0,43.0,0.455,0.01,27.0,1.0,5.0,50.0
2026-08-10T07:00:36.108074+00:00,700.293,,1.0,3.0,0.0,10.0,0.0,21458.0,0.642,0.005,21458.0,38.303,0.194,1.0,0.009461189165874581,0.37374749498997994,513836848.0,43.0,0.455,0.01,27.0,1.0,5.0,50.0
2026-08-10T07:00:37.109103+00:00,701.295,,0.0,3.0,0.0,10.0,0.0,21571.0,0.644,0.005,21571.0,38.396,0.194,1.0,0.013628181126689329,0.351460221550856,381742704.0,44.0,0.459,0.01,27.0,1.0,5.0,50.0
2026-08-10T07:00:38.117038+00:00,702.3,,0.0,3.0,0.0,10.0,0.0,21652.0,0.644,0.005,21651.0,38.479,0.194,2.0,0.012439518888754431,0.3126873126873127,396437104.0,44.0,0.459,0.01,27.0,1.0,5.0,50.0
2026-08-10T07:00:39.121505+00:00,703.303,,0.0,3.0,0.0,10.0,0.0,21731.0,0.645,0.005,21731.0,38.583,0.194,1.0,0.014288568984948884,0.2535211267605634,411117168.0,44.0,0.459,0.01,27.0,1.0,5.0,50.0
2026-08-10T07:00:40.123999+00:00,704.308,,0.0,3.0,0.0,10.0,0.0,21741.0,0.646,0.005,21741.0,38.622,0.194,1.0,0.008623650613497543,0.250499001996008,421602928.0,44.0,0.459,0.01,27.0,1.0,5.0,50.0
2026-08-10T07:00:41.131988+00:00,705.313,,0.0,3.0,0.0,10.0,0.0,21782.0,0.646,0.005,21782.0,38.666,0.194,1.0,0.009433604510912456,0.20675944333996024,432093808.0,44.0,0.459,0.01,27.0,1.0,5.0,50.0
2026-08-10T07:00:42.127475+00:00,706.315,,0.0,3.0,0.0,10.0,0.0,21824.0,0.65,0.005,21824.0,38.719,0.194,1.0,0.010046786851540757,0.3532388663967611,442579568.0,44.0,0.459,0.01,27.0,1.0,5.0,50.0
2026-08-10T07:00:43.142164+00:00,707.32,,0.0,3.0,0.0,10.0,0.0,21869.0,0.65,0.005,21869.0,38.779,0.194,1.0,0.010134912410560078,0.26560951437066405,455190640.0,44.0,0.459,0.01,27.0,1.0,5.0,50.0
2026-08-10T07:00:44.137654+00:00,708.32,,0.0,3.0,0.0,10.0,0.0,21914.0,0.65,0.005,21914.0,38.835,0.194,1.0,0.009530205660696045,0.3487903225806452,465676400.0,44.0,0.459,0.01,27.0,1.0,5.0,50.0
2026-08-10T07:00:45.133141+00:00,709.321,,0.0,3.0,0.0,10.0,0.0,22064.0,0.651,0.005,22064.0,38.981,0.194,1.0,0.016252393697773298,0.28254288597376387,484550768.0,44.0,0.459,0.01,27.0,1.0,5.0,50.0
2026-08-10T07:00:46.150494+00:00,710.323,,0.0,3.0,0.0,10.0,0.0,22142.0,0.652,0.005,22142.0,39.06,0.194,1.0,0.0128208615037145,0.2561819980217606,499230832.0,44.0,0.459,0.01,27.0,1.0,5.0,50.0
2026-08-10T07:00:47.140627+00:00,711.323,,0.0,3.0,0.0,10.0,0.0,22184.0,0.652,0.005,22184.0,39.112,0.194,1.0,0.009214654407613517,0.2735562310030395,509716592.0,44.0,0.459,0.01,27.0,1.0,5.0,50.0
2026-08-10T07:00:48.147307+00:00,712.328,,0.0,3.0,0.0,10.0,0.0,22228.0,0.652,0.005,22228.0,39.17,0.194,1.0,0.010438628787501866,0.21178821178821178,522299504.0,44.0,0.459,0.01,27.0,1.0,5.0,50.0
2026-08-10T07:00:49.149237+00:00,713.333,,0.0,3.0,0.0,10.0,0.0,22273.0,0.652,0.005,22273.0,39.236,0.194,1.0,0.013463587921847247,0.24448897795591182,385944448.0,45.0,0.462,0.01,27.0,1.0,5.0,50.0
2026-08-10T07:00:50.155802+00:00,714.338,,0.0,3.0,0.0,10.0,0.0,22280.0,0.652,0.005,22280.0,39.277,0.194,1.0,0.008030416830593275,0.22477522477522477,396430208.0,45.0,0.462,0.01,27.0,1.0,5.0,50.0
2026-08-10T07:00:51.161782+00:00,715.343,,0.0,3.0,0.0,10.0,0.0,22356.0,0.653,0.005,22356.0,39.337,0.194,1.0,0.00941125007456306,0.18507462686567164,409013120.0,45.0,0.462,0.01,27.0,1.0,5.0,50.0
2026-08-10T07:00:52.167808+00:00,716.348,,0.0,3.0,0.0,10.0,0.0,22370.0,0.654,0.005,22370.0,39.407,0.194,1.0,0.01204535853207499,0.2635814889336016,421596032.0,45.0,0.462,0.01,27.0,1.0,5.0,50.0
2026-08-10T07:00:53.174108+00:00,717.352,,0.0,3.0,0.0,10.0,0.0,22483.0,0.655,0.005,22483.0,39.486,0.194,1.0,0.011822661075059497,0.3286852589641434,436276096.0,45.0,0.462,0.01,27.0,1.0,5.0,50.0
2026-08-10T07:00:54.172321+00:00,718.357,,0.0,3.0,0.0,10.0,0.0,22563.0,0.655,0.005,22563.0,39.577,0.194,1.0,0.013297252022810976,0.3403826787512588,450956160.0,45.0,0.462,0.01,27.0,2.0,5.0,50.0
2026-08-10T07:00:55.173928+00:00,719.36,,0.0,3.0,0.0,10.0,0.0,22573.0,0.656,0.005,22573.0,39.63,0.194,1.0,0.009524673512112452,0.27655310621242485,463539072.0,45.0,0.462,0.01,27.0,1.0,5.0,50.0
2026-08-10T07:00:56.174654+00:00,720.365,,0.0,3.0,0.0,10.0,0.0,22581.0,0.656,0.005,22581.0,39.673,0.194,1.0,0.008403648290425484,0.22367101303911735,474024832.0,45.0,0.462,0.01,27.0,1.0,5.0,50.0
2026-08-10T07:00:57.180470+00:00,721.366,,0.0,3.0,0.0,10.0,0.0,22660.0,0.656,0.005,22660.0,39.736,0.194,1.0,0.010311031162878256,0.30430430430430433,484510592.0,45.0,0.462,0.01,27.0,1.0,5.0,50.0
2026-08-10T07:00:58.187458+00:00,722.371,,0.0,3.0,0.0,10.0,0.0,22704.0,0.657,0.005,22704.0,39.777,0.194,1.0,0.00811086593789673,0.2754491017964072,494996352.0,45.0,0.462,0.01,27.0,1.0,5.0,50.0
2026-08-10T07:00:59.211673+00:00,723.376,,1.0,2.0,0.0,10.0,0.0,22746.0,0.657,0.005,22746.0,39.844,0.194,1.0,0.011057889005061754,0.22740814299900694,505487360.0,45.0,0.462,0.01,27.0,1.0,5.0,50.0
2026-08-10T07:01:00.198655+00:00,724.38,,0.0,3.0,0.0,10.0,0.0,22825.0,0.658,0.005,22825.0,39.924,0.194,1.0,0.01192170996545969,0.2605633802816901,520167424.0,45.0,0.462,0.01,27.0,1.0,5.0,50.0
2026-08-10T07:01:01.209900+00:00,725.385,,0.0,3.0,0.0,10.0,0.0,22977.0,0.658,0.005,22977.0,40.055,0.194,1.0,0.018974074367715848,0.24224224224224225,390200080.0,46.0,0.465,0.01,27.0,1.0,5.0,50.0
2026-08-10T07:01:02.210545+00:00,726.39,,0.0,3.0,0.0,10.0,0.0,23086.0,0.659,0.005,23086.0,40.16,0.194,1.0,0.011783333433039996,0.3652694610778443,402782992.0,46.0,0.465,0.01,27.0,1.0,5.0,50.0
2026-08-10T07:01:03.215524+00:00,727.395,,0.0,3.0,0.0,10.0,0.0,23095.0,0.659,0.005,23095.0,40.215,0.194,1.0,0.010492735230763552,0.3132530120481928,415365904.0,46.0,0.465,0.01,27.0,1.0,5.0,50.0
2026-08-10T07:01:04.222502+00:00,728.4,,0.0,3.0,0.0,10.0,0.0,23138.0,0.66,0.005,23138.0,40.293,0.194,1.0,0.01300197798451702,0.2955223880597015,427948816.0,46.0,0.465,0.01,27.0,1.0,5.0,50.0
2026-08-10T07:01:05.228200+00:00,729.405,,0.0,3.0,0.0,10.0,0.0,23179.0,0.66,0.005,23179.0,40.347,0.194,1.0,0.009198648404078653,0.2965931863727455,436337424.0,46.0,0.465,0.01,27.0,1.0,5.0,50.0
2026-08-10T07:01:06.225707+00:00,730.406,,0.0,3.0,0.0,10.0,0.0,23186.0,0.662,0.005,23186.0,40.385,0.194,1.0,0.009254905184972774,0.23967774420946628,444726032.0,46.0,0.465,0.01,27.0,1.0,5.0,50.0
2026-08-10T07:01:07.229589+00:00,731.411,,0.0,3.0,0.0,10.0,0.0,23193.0,0.663,0.005,23193.0,40.473,0.194,1.0,0.011180678804861788,0.328,455211792.0,46.0,0.465,0.01,27.0,1.0,5.0,50.0
2026-08-10T07:01:08.229832+00:00,732.416,,0.0,3.0,0.0,10.0,0.0,23307.0,0.664,0.005,23307.0,40.604,0.194,1.0,0.015303586814038164,0.23588709677419356,474086160.0,46.0,0.465,0.01,27.0,1.0,5.0,50.0
2026-08-10T07:01:09.239472+00:00,733.419,,0.0,3.0,0.0,10.0,0.0,23352.0,0.665,0.005,23352.0,40.649,0.194,1.0,0.009836922454355744,0.24552683896620278,486669072.0,46.0,0.465,0.01,27.0,1.0,5.0,50.0
2026-08-10T07:01:10.240252+00:00,734.422,,0.0,3.0,0.0,10.0,0.0,23358.0,0.665,0.005,23358.0,40.666,0.194,1.0,0.006896114109498832,0.3192771084337349,492986384.0,46.0,0.465,0.01,27.0,1.0,5.0,50.0
2026-08-10T07:01:11.245040+00:00,735.427,,0.0,3.0,0.0,10.0,0.0,23404.0,0.666,0.005,23404.0,40.736,0.194,1.0,0.01262250863024324,0.21521521521521522,507666448.0,46.0,0.465,0.01,27.0,1.0,5.0,50.0
2026-08-10T07:01:12.257334+00:00,736.432,,0.0,3.0,0.0,10.0,0.0,23412.0,0.666,0.005,23412.0,40.776,0.194,1.0,0.008713022435429775,0.3339980059820538,516055056.0,46.0,0.465,0.01,27.0,1.0,5.0,50.0
2026-08-10T07:01:13.254360+00:00,737.435,,0.0,3.0,0.0,10.0,0.0,23456.0,0.668,0.005,23456.0,40.827,0.194,1.0,0.011726714417643527,0.23046092184368738,379693952.0,47.0,0.469,0.01,27.0,1.0,5.0,50.0
2026-08-10T07:01:14.251804+00:00,738.438,,0.0,3.0,0.0,10.0,0.0,23500.0,0.668,0.005,23500.0,40.882,0.194,1.0,0.009374145311775236,0.29689067201604813,390179712.0,47.0,0.469,0.01,27.0,1.0,5.0,50.0
2026-08-10T07:01:15.255796+00:00,739.443,,0.0,3.0,0.0,10.0,0.0,23612.0,0.669,0.005,23612.0,40.963,0.194,1.0,0.009523269317459228,0.2695390781563126,404859776.0,47.0,0.469,0.01,27.0,1.0,5.0,50.0
2026-08-10T07:01:16.258259+00:00,740.443,,0.0,3.0,0.0,10.0,0.0,23691.0,0.67,0.005,23691.0,41.028,0.194,1.0,0.01123290269762984,0.19879518072289157,417442688.0,47.0,0.469,0.01,27.0,1.0,5.0,50.0
2026-08-10T07:01:17.261323+00:00,741.448,,1.0,2.0,0.0,10.0,0.0,23728.0,0.67,0.005,23728.0,41.084,0.194,2.0,0.008477070765649693,0.26458752515090544,430025600.0,47.0,0.469,0.01,27.0,1.0,5.0,50.0
2026-08-10T07:01:18.263747+00:00,742.453,,0.0,3.0,0.0,10.0,0.0,23775.0,0.67,0.005,23775.0,41.149,0.194,1.0,0.00982304318639963,0.232,442608512.0,47.0,0.469,0.01,27.0,1.0,5.0,50.0
2026-08-10T07:01:19.283044+00:00,743.456,,0.0,3.0,0.0,10.0,0.0,23850.0,0.67,0.005,23850.0,41.209,0.194,1.0,0.009217539271387912,0.2504930966469428,453094272.0,47.0,0.469,0.01,27.0,1.0,5.0,50.0
2026-08-10T07:01:20.274020+00:00,744.459,,0.0,3.0,0.0,10.0,0.0,23897.0,0.67,0.005,23896.0,41.327,0.194,1.0,0.01382483643247214,0.27547931382441976,467774336.0,47.0,0.469,0.01,27.0,1.0,5.0,50.0
2026-08-10T07:01:21.287845+00:00,745.464,,0.0,3.0,0.0,10.0,0.0,23902.0,0.67,0.005,23902.0,41.346,0.194,1.0,0.005300111462926247,0.1952428146679881,476162944.0,47.0,0.469,0.01,27.0,1.0,5.0,50.0
2026-08-10T07:01:22.289920+00:00,746.469,,0.0,3.0,0.0,10.0,0.0,23910.0,0.67,0.005,23910.0,41.383,0.194,1.0,0.007532536690736778,0.2994974874371859,484551552.0,47.0,0.469,0.01,27.0,1.0,5.0,50.0
2026-08-10T07:01:23.290349+00:00,747.474,,0.0,3.0,0.0,10.0,0.0,23952.0,0.671,0.005,23952.0,41.438,0.194,1.0,0.009368911284013343,0.25576730190571717,495037312.0,47.0,0.469,0.01,27.0,1.0,5.0,50.0
2026-08-10T07:01:24.298319+00:00,748.475,,0.0,3.0,0.0,10.0,0.0,23957.0,0.672,0.005,23957.0,41.466,0.194,1.0,0.008216560635867495,0.3003992015968064,503425920.0,47.0,0.469,0.01,27.0,1.0,5.0,50.0
2026-08-10T07:01:25.305822+00:00,749.48,,0.0,3.0,0.0,10.0,0.0,23963.0,0.672,0.005,23963.0,41.5,0.194,1.0,0.00831856874392827,0.312,511814528.0,47.0,0.469,0.01,27.0,2.0,5.0,50.0
2026-08-10T07:01:26.325611+00:00,750.481,,0.0,3.0,0.0,10.0,0.0,24005.0,0.673,0.005,24005.0,41.569,0.194,1.0,0.010612992586890144,0.26980942828485455,522300288.0,47.0,0.469,0.01,27.0,1.0,5.0,50.0
2026-08-10T07:01:27.312133+00:00,751.484,,0.0,3.0,0.0,10.0,0.0,24046.0,0.674,0.005,24046.0,41.611,0.194,1.0,0.014532200117435137,0.36490528414755735,383919272.0,48.0,0.482,0.013,27.0,1.0,5.0,50.0
2026-08-10T07:01:28.303774+00:00,752.486,,0.0,2.0,0.0,10.0,0.0,24127.0,0.674,0.005,24126.0,41.686,0.194,1.0,0.013283412555583353,0.25816326530612244,398599336.0,48.0,0.482,0.013,27.0,1.0,5.0,50.0
2026-08-10T07:01:29.313823+00:00,753.491,,0.0,3.0,0.0,10.0,0.0,24167.0,0.675,0.005,24167.0,41.743,0.194,1.0,0.00831838904346983,0.29721669980119286,409085096.0,48.0,0.482,0.013,27.0,1.0,5.0,50.0
2026-08-10T07:01:30.312669+00:00,754.496,,0.0,3.0,0.0,10.0,0.0,24205.0,0.675,0.005,24205.0,41.767,0.194,1.0,0.005618287744682213,0.23015075376884422,415376552.0,48.0,0.482,0.013,27.0,1.0,5.0,50.0
2026-08-10T07:01:31.321385+00:00,755.498,,1.0,2.0,0.0,10.0,0.0,24273.0,0.675,0.005,24275.0,41.824,0.194,2.0,0.010450763836265963,0.2315369261477046,427959464.0,48.0,0.482,0.013,27.0,2.0,5.0,50.0
2026-08-10T07:01:32.402453+00:00,756.5,,0.0,3.0,0.0,10.0,0.0,24324.0,0.681,0.005,24324.0,41.988,0.194,1.0,0.014063677363077894,0.5973782771535581,438445224.0,48.0,0.482,0.013,27.0,1.0,5.0,50.0
2026-08-10T07:01:33.329491+00:00,757.505,,0.0,3.0,0.0,10.0,0.0,24326.0,0.685,0.005,24326.0,42.014,0.194,1.0,0.005946895264824193,0.3214670981661273,444736680.0,48.0,0.482,0.013,27.0,1.0,5.0,50.0
2026-08-10T07:01:34.321911+00:00,758.508,,0.0,3.0,0.0,10.0,0.0,24404.0,0.685,0.005,24404.0,42.089,0.194,1.0,0.01161787982609044,0.4190283400809717,457319592.0,48.0,0.482,0.013,27.0,1.0,5.0,50.0
2026-08-10T07:01:35.327489+00:00,759.511,,0.0,3.0,0.0,10.0,0.0,24408.0,0.685,0.005,24408.0,42.249,0.194,1.0,0.008140126983116655,0.348,465708200.0,48.0,0.482,0.013,27.0,1.0,5.0,50.0
2026-08-10T07:01:36.326013+00:00,760.512,,0.0,2.0,0.0,10.0,0.0,24448.0,0.686,0.005,24447.0,42.296,0.194,2.0,0.008689850821623052,0.192964824120603,476193960.0,48.0,0.482,0.013,27.0,1.0,5.0,50.0
2026-08-10T07:01:37.334391+00:00,761.518,,0.0,3.0,0.0,10.0,0.0,24487.0,0.687,0.005,24487.0,42.345,0.194,1.0,0.0071450484447925944,0.2844311377245509,484582568.0,48.0,0.482,0.013,27.0,1.0,5.0,50.0
2026-08-10T07:01:38.338279+00:00,762.523,,0.0,3.0,0.0,10.0,0.0,24496.0,0.687,0.005,24496.0,42.392,0.194,1.0,0.010026033620447355,0.24251497005988024,495068328.0,48.0,0.482,0.013,27.0,1.0,5.0,50.0
2026-08-10T07:01:39.347502+00:00,763.528,,0.0,3.0,0.0,10.0,0.0,24499.0,0.687,0.005,24499.0,42.415,0.194,1.0,0.0060513886189953086,0.23176823176823177,501359784.0,48.0,0.482,0.013,27.0,1.0,5.0,50.0
2026-08-10T07:01:40.353539+00:00,764.533,,0.0,3.0,0.0,10.0,0.0,24507.0,0.689,0.005,24507.0,42.464,0.194,1.0,0.00950208681926439,0.23523523523523523,511845544.0,48.0,0.482,0.013,27.0,1.0,5.0,50.0
2026-08-10T07:01:41.377713+00:00,765.538,,0.0,3.0,0.0,10.0,0.0,24546.0,0.689,0.005,24546.0,42.495,0.194,1.0,0.007210875148191839,0.31599607458292445,522331304.0,48.0,0.482,0.013,27.0,1.0,5.0,50.0
2026-08-10T07:01:42.353784+00:00,766.539,,0.0,3.0,0.0,10.0,0.0,24585.0,0.69,0.005,24585.0,42.549,0.194,1.0,0.011771728506198856,0.39651639344262296,381839240.0,49.0,0.489,0.013,27.0,1.0,5.0,50.0
2026-08-10T07:01:43.364337+00:00,767.544,,0.0,3.0,0.0,10.0,0.0,24627.0,0.691,0.005,24627.0,42.598,0.194,1.0,0.009308813476490043,0.27689243027888444,392329864.0,49.0,0.489,0.013,27.0,1.0,5.0,50.0
2026-08-10T07:01:44.365298+00:00,768.545,,0.0,3.0,0.0,10.0,0.0,24665.0,0.691,0.005,24665.0,42.642,0.194,1.0,0.007515376813114885,0.24649298597194388,400718472.0,49.0,0.489,0.013,27.0,1.0,5.0,50.0
2026-08-10T07:01:45.374416+00:00,769.55,,0.0,3.0,0.0,10.0,0.0,24668.0,0.691,0.005,24668.0,42.656,0.194,1.0,0.005459728472653714,0.3283433133732535,409107080.0,49.0,0.489,0.013,27.0,1.0,5.0,50.0
2026-08-10T07:01:46.373959+00:00,770.555,,0.0,3.0,0.0,10.0,0.0,24709.0,0.692,0.005,24709.0,42.686,0.194,1.0,0.006878722985403349,0.2100502512562814,417495688.0,49.0,0.489,0.013,27.0,1.0,5.0,50.0
2026-08-10T07:01:47.384614+00:00,771.56,,0.0,3.0,0.0,10.0,0.0,24712.0,0.692,0.005,24712.0,42.705,0.194,1.0,0.006275266845551652,0.36408730158730157,423787144.0,49.0,0.489,0.013,27.0,1.0,5.0,50.0
2026-08-10T07:01:48.380700+00:00,772.561,,0.0,3.0,0.0,10.0,0.0,24714.0,0.692,0.005,24714.0,42.732,0.194,1.0,0.00623156899716319,0.28024193548387094,430078600.0,49.0,0.489,0.013,27.0,1.0,5.0,50.0
2026-08-10T07:01:49.384541+00:00,773.563,,0.0,3.0,0.0,10.0,0.0,24752.0,0.693,0.005,24752.0,42.772,0.194,1.0,0.007433756871082409,0.22322322322322322,438467208.0,49.0,0.489,0.013,27.0,1.0,5.0,50.0
2026-08-10T07:01:50.384639+00:00,774.566,,0.0,3.0,0.0,10.0,0.0,24753.0,0.693,0.005,24753.0,42.773,0.194,1.0,0.0034418016906570684,0.2884422110552764,444758664.0,49.0,0.489,0.013,27.0,1.0,5.0,50.0
2026-08-10T07:01:51.389288+00:00,775.566,,0.0,3.0,0.0,10.0,0.0,24759.0,0.694,0.005,24759.0,42.808,0.194,1.0,0.007660371606443746,0.2530241935483871,453147272.0,49.0,0.489,0.013,27.0,1.0,5.0,50.0
2026-08-10T07:01:52.388115+00:00,776.571,,0.0,3.0,0.0,10.0,0.0,24764.0,0.694,0.005,24764.0,42.84,0.194,1.0,0.006870336057478569,0.282435129740519,459438728.0,49.0,0.489,0.013,27.0,1.0,5.0,50.0
2026-08-10T07:01:53.391726+00:00,777.574,,0.0,3.0,0.0,10.0,0.0,24767.0,0.694,0.005,24767.0,42.843,0.194,1.0,0.0036471679332248665,0.24397590361445784,465730184.0,49.0,0.489,0.013,27.0,1.0,5.0,50.0
2026-08-10T07:01:54.394026+00:00,778.579,,0.0,3.0,0.0,10.0,0.0,24770.0,0.694,0.005,24770.0,42.857,0.194,1.0,0.005270710413944569,0.27372627372627373,472041480.0,49.0,0.489,0.013,27.0,1.0,5.0,50.0
2026-08-10T07:01:55.401073+00:00,779.583,,0.0,3.0,0.0,10.0,0.0,24773.0,0.695,0.005,24773.0,42.879,0.194,1.0,0.005647748441419736,0.3286573146292585,478332936.0,49.0,0.489,0.013,27.0,1.0,5.0,50.0
2026-08-10T07:01:56.402027+00:00,780.587,,0.0,3.0,0.0,10.0,0.0,24811.0,0.697,0.005,24811.0,42.911,0.194,1.0,0.006936627687288948,0.22077922077922077,486721544.0,49.0,0.489,0.013,27.0,1.0,5.0,50.0
2026-08-10T07:01:57.417195+00:00,781.591,,0.0,3.0,0.0,10.0,0.0,24813.0,0.697,0.005,24813.0,42.919,0.194,1.0,0.004580337883753707,0.2982107355864811,493013000.0,49.0,0.489,0.013,27.0,1.0,5.0,50.0
2026-08-10T07:01:58.422659+00:00,782.596,,0.0,3.0,0.0,10.0,0.0,24814.0,0.697,0.005,24814.0,42.929,0.194,1.0,0.00458988216338192,0.2602602602602603,497207304.0,49.0,0.489,0.013,27.0,1.0,5.0,50.0
2026-08-10T07:01:59.419383+00:00,783.597,,0.0,3.0,0.0,10.0,0.0,24850.0,0.697,0.005,24850.0,42.953,0.194,1.0,0.005622375545956661,0.2330978809283552,505595912.0,49.0,0.489,0.013,27.0,1.0,5.0,50.0
2026-08-10T07:02:00.422389+00:00,784.598,,0.0,3.0,0.0,10.0,0.0,24852.0,0.699,0.005,24852.0,42.956,0.194,1.0,0.003862060994698409,0.22,509790216.0,49.0,0.489,0.013,27.0,1.0,5.0,50.0
2026-08-10T07:02:01.423854+00:00,785.601,,0.0,3.0,0.0,10.0,0.0,24854.0,0.699,0.005,24854.0,42.969,0.194,1.0,0.004475831569390688,0.2680722891566265,516081672.0,49.0,0.489,0.013,27.0,1.0,5.0,50.0
2026-08-10T07:02:02.420576+00:00,786.603,,0.0,3.0,0.0,10.0,0.0,24854.0,0.699,0.005,24854.0,42.969,0.194,1.0,0.0028462669174326083,0.26305220883534136,520275976.0,49.0,0.489,0.013,27.0,1.0,5.0,50.0
2026-08-10T07:02:03.426148+00:00,787.606,,0.0,3.0,0.0,10.0,0.0,24891.0,0.701,0.005,24891.0,43.0,0.194,1.0,0.007914550605304703,0.2502502502502503,381850800.0,50.0,0.494,0.013,27.0,1.0,5.0,50.0
2026-08-10T07:02:04.425827+00:00,788.608,,0.0,3.0,0.0,10.0,0.0,24892.0,0.701,0.005,24892.0,43.02,0.14,1.0,0.0043119930968068725,0.283987915407855,386045872.0,50.0,0.494,0.013,27.0,1.0,5.0,50.0
2026-08-10T07:02:05.464150+00:00,789.612,,0.0,3.0,0.0,10.0,0.0,24894.0,0.703,0.005,24894.0,43.034,0.14,1.0,0.005729388612116188,0.3679611650485437,392337328.0,50.0,0.494,0.013,27.0,1.0,5.0,50.0
2026-08-10T07:02:06.434328+00:00,790.612,,0.0,3.0,0.0,10.0,0.0,24894.0,0.703,0.005,24894.0,43.034,0.14,1.0,0.003722433471738973,0.2788065843621399,398628784.0,50.0,0.494,0.013,27.0,1.0,5.0,50.0
2026-08-10T07:02:07.434957+00:00,791.617,,0.0,3.0,0.0,10.0,0.0,24896.0,0.705,0.005,24896.0,43.039,0.14,1.0,0.003718268073553696,0.4028197381671702,402823088.0,50.0,0.494,0.013,27.0,1.0,5.0,50.0
2026-08-10T07:02:08.436663+00:00,792.619,,0.0,3.0,0.0,10.0,0.0,24896.0,0.705,0.005,24896.0,43.039,0.14,1.0,0.0025967401219453646,0.25551102204408815,407017392.0,50.0,0.494,0.013,27.0,1.0,5.0,50.0
2026-08-10T07:02:09.436943+00:00,793.624,,0.0,3.0,0.0,10.0,0.0,24898.0,0.707,0.005,24898.0,43.065,0.14,1.0,0.005769031548581947,0.2647352647352647,415406000.0,50.0,0.494,0.013,27.0,1.0,5.0,50.0
2026-08-10T07:02:10.444521+00:00,794.628,,0.0,3.0,0.0,10.0,0.0,24899.0,0.707,0.005,24899.0,43.067,0.14,1.0,0.0030523170602047133,0.20541082164328658,419600304.0,50.0,0.494,0.013,27.0,1.0,5.0,50.0
2026-08-10T07:02:11.470517+00:00,795.632,,0.0,3.0,0.0,10.0,0.0,24899.0,0.707,0.005,24899.0,43.067,0.14,1.0,0.003086945607852361,0.2816205533596838,423794608.0,50.0,0.494,0.013,27.0,1.0,5.0,50.0
2026-08-10T07:02:12.452657+00:00,796.638,,0.0,3.0,0.0,10.0,0.0,24900.0,0.708,0.005,24900.0,43.069,0.14,1.0,0.003949396474943744,0.3107287449392713,430086064.0,50.0,0.494,0.013,27.0,1.0,5.0,50.0
2026-08-10T07:02:13.457629+00:00,797.643,,0.0,3.0,0.0,10.0,0.0,24901.0,0.709,0.005,24901.0,43.079,0.14,1.0,0.00363552925764366,0.2554890219560878,434280720.0,50.0,0.494,0.013,27.0,1.0,5.0,50.0
2026-08-10T07:02:14.462850+00:00,798.648,,0.0,3.0,0.0,10.0,0.0,24902.0,0.709,0.005,24902.0,43.081,0.14,1.0,0.0032118834916705194,0.29689067201604813,440572176.0,50.0,0.494,0.013,27.0,1.0,5.0,50.0
2026-08-10T07:02:15.480456+00:00,799.653,,0.0,3.0,0.0,10.0,0.0,24902.0,0.709,0.005,24902.0,43.081,0.14,1.0,0.003187243523489966,0.2698412698412698,444766480.0,50.0,0.494,0.013,27.0,1.0,5.0,50.0
